***********************************************************
***********************************************************

  This calculation was performed by OpenMX Ver. 4.0
  using 8 MPI processes and 1 OpenMP threads.

  Tue Jul 14 22:58:35 2026

***********************************************************
***********************************************************

System.Name        Si_bulk
DATA.PATH        /mnt/shared/DFT_DATA19
Species.Number        1
<Definition.of.Atomic.Species
    Si  Si8.0-s2p2d1  Si_PBE19
Definition.of.Atomic.Species>

Atoms.Number        8
Atoms.SpeciesAndCoordinates.Unit        Ang
<Atoms.SpeciesAndCoordinates
    1  Si  0.0  0.0  0.0  2.0  2.0
    2  Si  1.3577499999999998  1.3577499999999998  1.3577499999999998  2.0  2.0
    3  Si  0.0  2.7154999999999996  2.7154999999999996  2.0  2.0
    4  Si  1.3577499999999998  4.07325  4.07325  2.0  2.0
    5  Si  2.7154999999999996  0.0  2.7154999999999996  2.0  2.0
    6  Si  4.07325  1.3577499999999998  4.07325  2.0  2.0
    7  Si  2.7154999999999996  2.7154999999999996  0.0  2.0  2.0
    8  Si  4.07325  4.07325  1.3577499999999998  2.0  2.0
Atoms.SpeciesAndCoordinates>

Atoms.UnitVectors.Unit        Ang
<Atoms.UnitVectors
    5.431  0.0  0.0
    0.0  5.431  0.0
    0.0  0.0  5.431
Atoms.UnitVectors>

scf.Kgrid        4 4 4
scf.maxIter        80
scf.Mixing.History        20
scf.ElectronicTemperature        300
scf.energycutoff        150
scf.criterion        3.6749322e-11
scf.XcType        GGA-PBE
scf.EigenvalueSolver        Band
scf.Mixing.Type        Rmm-Diis
MD.maxIter        1
MD.Type        Nomd


***********************************************************
***********************************************************

  Required cutoff energy (Ryd) for 3D-grids = 150.0000
      Used cutoff energy (Ryd) for 3D-grids = 149.9210, 149.9210, 149.9210
  Num. of grids of a-, b-, and c-axes = 40, 40, 40

  Num.Grid1.    40
  Num.Grid2.    40
  Num.Grid3.    40


  Cell_Volume =   1081.025443189207 (Bohr^3)
  GridVol     =      0.016891022550 (Bohr^3)
  Cell vectors (bohr) of the grid cell (gtv)
    gtv_a =  0.256577546099,  0.000000000000,  0.000000000000
    gtv_b =  0.000000000000,  0.256577546099,  0.000000000000
    gtv_c =  0.000000000000,  0.000000000000,  0.256577546099
    |gtv_a| =  0.256577546099
    |gtv_b| =  0.256577546099
    |gtv_c| =  0.256577546099

***********************************************************
***********************************************************


***********************************************************
***********************************************************
                  SCF history at MD= 1                    
***********************************************************
***********************************************************

   SCF=   1  NormRD=  1.000000000000  Uele= -9.430052706172
   SCF=   2  NormRD=  0.091514164749  Uele= -9.614437107598
   SCF=   3  NormRD=  0.055719394829  Uele= -9.762875997165
   SCF=   4  NormRD=  0.282864512196  Uele= -9.940635091370
   SCF=   5  NormRD=  0.305637570910  Uele= -9.986170051867
   SCF=   6  NormRD=  0.303059839578  Uele= -9.985383337557
   SCF=   7  NormRD=  0.300504035284  Uele= -9.984603362609
   SCF=   8  NormRD=  0.004116972998  Uele= -9.894141934059
   SCF=   9  NormRD=  0.000722151410  Uele= -9.893995100489
   SCF=  10  NormRD=  0.000158365055  Uele= -9.894198147976
   SCF=  11  NormRD=  0.000008260458  Uele= -9.894252033306
   SCF=  12  NormRD=  0.000000121474  Uele= -9.894254924754
   SCF=  13  NormRD=  0.000000002922  Uele= -9.894254884000
   SCF=  14  NormRD=  0.000000000409  Uele= -9.894254882959
   SCF=  15  NormRD=  0.000000000187  Uele= -9.894254883032
   SCF=  16  NormRD=  0.000000000121  Uele= -9.894254883049

*******************************************************
        Total energy (Hartree) at MD = 1        
*******************************************************

  Uele.         -9.894254883049

  Ukin.         12.144040780657
  UH0.        -737.851612027448
  UH1.           0.124094214035
  Una.         -13.749998872114
  Unl.           4.942742643188
  Uxc0.         -5.676585445108
  Uxc1.         -5.676585445108
  Ucore.       712.876931338582
  Uhub.          0.000000000000
  Ucs.           0.000000000000
  Uzs.           0.000000000000
  Uzo.           0.000000000000
  Uef.           0.000000000000
  UvdW.          0.000000000000
  Uch.           0.000000000000
  Utot.        -32.866972813316

  UpV.           0.000000000000
  Enpy.        -32.866972813316
  Note:

  Utot = Ukin+UH0+UH1+Una+Unl+Uxc0+Uxc1+Ucore+Uhub+Ucs+Uzs+Uzo+Uef+UvdW+Uch

  Uele:   band energy
  Ukin:   kinetic energy
  UH0:    electric part of screened Coulomb energy
  UH1:    difference electron-electron Coulomb energy
  Una:    neutral atom potential energy
  Unl:    non-local potential energy
  Uxc0:   exchange-correlation energy for alpha spin
  Uxc1:   exchange-correlation energy for beta spin
  Ucore:  core-core Coulomb energy
  Uhub:   LDA+U energy
  Ucs:    constraint energy for spin orientation
  Uzs:    Zeeman term for spin magnetic moment
  Uzo:    Zeeman term for orbital magnetic moment
  Uef:    electric energy by electric field
  UvdW:   semi-empirical vdW energy
  Uch:    penalty term to create a core hole

  UpV:    pressure times volume
  Enpy:   Enthalpy = Utot + UpV
  (see also PRB 72, 045121(2005) for the energy contributions)



  Chemical potential (Hartree)      -0.111619266555

***********************************************************
***********************************************************
           Eigenvalues (Hartree) of SCF KS-eq.           
***********************************************************
***********************************************************

   Chemical Potential (Hartree) =  -0.11161926655472
   Number of States             =  32.00000000000010
   Eigenvalues
              Up-spin           Down-spin

   kloop=0
   k1=   0.00000 k2=  -0.00000 k3=   0.00000

    1   -0.56213115168985  -0.56213115168985
    2   -0.41050908051745  -0.41050908051745
    3   -0.41050908050849  -0.41050908050849
    4   -0.41050908045491  -0.41050908045491
    5   -0.41050908045028  -0.41050908045028
    6   -0.41050908044075  -0.41050908044075
    7   -0.41050908043808  -0.41050908043808
    8   -0.22754395464906  -0.22754395464906
    9   -0.22754395464752  -0.22754395464752
   10   -0.22754395464693  -0.22754395464693
   11   -0.22754395464454  -0.22754395464454
   12   -0.22754395408109  -0.22754395408109
   13   -0.22754395407810  -0.22754395407810
   14   -0.12334113925320  -0.12334113925320
   15   -0.12334113909491  -0.12334113909491
   16   -0.12334113909205  -0.12334113909205
   17   -0.09487167247307  -0.09487167247307
   18   -0.09487167246833  -0.09487167246833
   19   -0.09487167246053  -0.09487167246053
   20   -0.09487167245207  -0.09487167245207
   21   -0.09487167014205  -0.09487167014205
   22   -0.09487167013253  -0.09487167013253
   23   -0.02763018588605  -0.02763018588605
   24   -0.02763018588085  -0.02763018588085
   25   -0.02763018541315  -0.02763018541315
   26    0.01129567931276   0.01129567931276
   27    0.16670266989264   0.16670266989264
   28    0.16670267241954   0.16670267241954
   29    0.25149263017980   0.25149263017980
   30    0.25149263019236   0.25149263019236
   31    0.25149263021066   0.25149263021066
   32    0.25149263022904   0.25149263022904
   33    0.25149263109282   0.25149263109282
   34    0.25149263112264   0.25149263112264
   35    0.28729412623049   0.28729412623049
   36    0.28729412623909   0.28729412623909
   37    0.28729412653349   0.28729412653349
   38    0.28729412653938   0.28729412653938
   39    0.28729412654433   0.28729412654433
   40    0.28729412654576   0.28729412654576
   41    0.34450585903920   0.34450585903920
   42    0.37373904132346   0.37373904132346
   43    0.37373904133344   0.37373904133344
   44    0.37373904136271   0.37373904136271
   45    0.37373904137189   0.37373904137189
   46    0.37373904276214   0.37373904276214
   47    0.37373904278663   0.37373904278663
   48    0.37558125477626   0.37558125477626
   49    0.37558125478071   0.37558125478071
   50    0.37558125736263   0.37558125736263
   51    0.37558125736788   0.37558125736788
   52    0.37558125737158   0.37558125737158
   53    0.37558125738218   0.37558125738218
   54    0.40070628520467   0.40070628520467
   55    0.40070628576436   0.40070628576436
   56    0.40070628577198   0.40070628577198
   57    0.64654741581455   0.64654741581455
   58    0.64654741620666   0.64654741620666
   59    0.64654748819810   0.64654748819810
   60    0.64654748837285   0.64654748837285
   61    0.64654748884796   0.64654748884796
   62    0.64654748895422   0.64654748895422
   63    0.72116520600234   0.72116520600234
   64    0.72116520617286   0.72116520617286
   65    0.72116520631190   0.72116520631190
   66    0.72116520636413   0.72116520636413
   67    0.72116520701006   0.72116520701006
   68    0.72116520710484   0.72116520710484
   69    0.78540154329421   0.78540154329421
   70    0.78540155129713   0.78540155129713
   71    0.79436287113374   0.79436287113374
   72    0.79436287158979   0.79436287158979
   73    0.79436287198459   0.79436287198459
   74    0.79436287244926   0.79436287244926
   75    0.79436289729004   0.79436289729004
   76    0.79436289831077   0.79436289831077
   77    0.79579000236709   0.79579000236709
   78    0.79579000288893   0.79579000288893
   79    0.79579000317425   0.79579000317425
   80    0.79579000336750   0.79579000336750
   81    0.79579000347430   0.79579000347430
   82    0.79579000393140   0.79579000393140
   83    0.84929077699490   0.84929077699490
   84    0.84929077782618   0.84929077782618
   85    0.84929077806946   0.84929077806946
   86    1.06233878011748   1.06233878011748
   87    1.06233878200162   1.06233878200162
   88    1.06233878295200   1.06233878295200
   89    1.33024241558430   1.33024241558430
   90    1.33024243095661   1.33024243095661
   91    1.33024243318979   1.33024243318979
   92    1.74745669395629   1.74745669395629
   93    1.74745670245816   1.74745670245816
   94    1.74745672017937   1.74745672017937
   95    1.74745672491192   1.74745672491192
   96    1.74745681151959   1.74745681151959
   97    1.74745683591913   1.74745683591913
   98    3.93475041279328   3.93475041279328
   99    4.05729959118147   4.05729959118147
  100    4.05729962477511   4.05729962477511
  101    4.05729963410553   4.05729963410553
  102    4.05729964198209   4.05729964198209
  103    4.05729964759581   4.05729964759581
  104    4.05729967179147   4.05729967179147

   kloop=1
   k1=   0.00000 k2=  -0.00000 k3=   0.25000

    1   -0.55236299870148  -0.55236299870148
    2   -0.47472782905064  -0.47472782905064
    3   -0.40768682407692  -0.40768682407692
    4   -0.40768682406940  -0.40768682406940
    5   -0.40768682406565  -0.40768682406565
    6   -0.40768682406248  -0.40768682406248
    7   -0.33453298146400  -0.33453298146400
    8   -0.24847834421719  -0.24847834421719
    9   -0.24847834421560  -0.24847834421560
   10   -0.24847834421307  -0.24847834421307
   11   -0.24847834421061  -0.24847834421061
   12   -0.21856498564601  -0.21856498564601
   13   -0.21856498564323  -0.21856498564323
   14   -0.17215676038938  -0.17215676038938
   15   -0.15275590873846  -0.15275590873846
   16   -0.15275590873474  -0.15275590873474
   17   -0.09922930307471  -0.09922930307471
   18   -0.06113732226203  -0.06113732226203
   19   -0.04755634173105  -0.04755634173105
   20   -0.04755634172405  -0.04755634172405
   21   -0.04755634171974  -0.04755634171974
   22   -0.04755634171128  -0.04755634171128
   23   -0.04732336656552  -0.04732336656552
   24    0.01445077808507   0.01445077808507
   25    0.01445077808637   0.01445077808637
   26    0.05020503279391   0.05020503279391
   27    0.13560792001320   0.13560792001320
   28    0.17332996091729   0.17332996091729
   29    0.17332996092571   0.17332996092571
   30    0.17332996094867   0.17332996094867
   31    0.17332996096029   0.17332996096029
   32    0.17532771737207   0.17532771737207
   33    0.17532771738384   0.17532771738384
   34    0.17930816818756   0.17930816818756
   35    0.27049990420714   0.27049990420714
   36    0.27049990423018   0.27049990423018
   37    0.27049990425875   0.27049990425875
   38    0.27049990429557   0.27049990429557
   39    0.28262143146462   0.28262143146462
   40    0.28500808501319   0.28500808501319
   41    0.31748280801247   0.31748280801247
   42    0.36512523498097   0.36512523498097
   43    0.36512523499450   0.36512523499450
   44    0.38009123660676   0.38009123660676
   45    0.38009123662405   0.38009123662405
   46    0.38009123666058   0.38009123666058
   47    0.38009123669442   0.38009123669442
   48    0.40508198013948   0.40508198013948
   49    0.41220572032066   0.41220572032066
   50    0.41220572033426   0.41220572033426
   51    0.46688462990948   0.46688462990948
   52    0.47616559200341   0.47616559200341
   53    0.47616559202850   0.47616559202850
   54    0.47616559207780   0.47616559207780
   55    0.47616559212031   0.47616559212031
   56    0.49444805335286   0.49444805335286
   57    0.60932514065971   0.60932514065971
   58    0.60932514084593   0.60932514084593
   59    0.60932514097943   0.60932514097943
   60    0.60932514104797   0.60932514104797
   61    0.62119277925959   0.62119277925959
   62    0.63516796160033   0.63516796160033
   63    0.65651550007336   0.65651550007336
   64    0.65651550032609   0.65651550032609
   65    0.72026915804832   0.72026915804832
   66    0.72026915827584   0.72026915827584
   67    0.72026915858911   0.72026915858911
   68    0.72026915914503   0.72026915914503
   69    0.73948642743567   0.73948642743567
   70    0.75079735491556   0.75079735491556
   71    0.75154315472019   0.75154315472019
   72    0.75154315610240   0.75154315610240
   73    0.75832935406360   0.75832935406360
   74    0.75832935436197   0.75832935436197
   75    0.75832935600850   0.75832935600850
   76    0.75832935648855   0.75832935648855
   77    0.84338466004411   0.84338466004411
   78    0.84422924802320   0.84422924802320
   79    0.84704275742784   0.84704275742784
   80    0.84704275855686   0.84704275855686
   81    0.84704275888657   0.84704275888657
   82    0.84704275978777   0.84704275978777
   83    0.87685404748880   0.87685404748880
   84    0.87685404758565   0.87685404758565
   85    0.90348324838729   0.90348324838729
   86    1.02468223410395   1.02468223410395
   87    1.02468223461300   1.02468223461300
   88    1.38481647476226   1.38481647476226
   89    1.68812119190218   1.68812119190218
   90    1.68812120512078   1.68812120512078
   91    1.68812121937814   1.68812121937814
   92    1.68812123580496   1.68812123580496
   93    1.69740035035208   1.69740035035208
   94    1.69740035544737   1.69740035544737
   95    1.87926275974491   1.87926275974491
   96    1.87926277155957   1.87926277155957
   97    1.92252401906408   1.92252401906408
   98    3.70175003241248   3.70175003241248
   99    3.93206470683289   3.93206470683289
  100    3.93206471886606   3.93206471886606
  101    3.93206475325435   3.93206475325435
  102    3.93206477333182   3.93206477333182
  103    4.08743017910694   4.08743017910694
  104    4.15545572548873   4.15545572548873

   kloop=2
   k1=   0.00000 k2=  -0.00000 k3=   0.50000

    1   -0.52287323177644  -0.52287323177644
    2   -0.52287323176577  -0.52287323176577
    3   -0.40457439374109  -0.40457439374109
    4   -0.40457439373883  -0.40457439373883
    5   -0.40457439373657  -0.40457439373657
    6   -0.40457439373032  -0.40457439373032
    7   -0.26461859105983  -0.26461859105983
    8   -0.26461859105818  -0.26461859105818
    9   -0.26461859105451  -0.26461859105451
   10   -0.26461859104880  -0.26461859104880
   11   -0.25271104887091  -0.25271104887091
   12   -0.25271104886690  -0.25271104886690
   13   -0.19235311509966  -0.19235311509966
   14   -0.19235311509559  -0.19235311509559
   15   -0.19235311509393  -0.19235311509393
   16   -0.19235311509130  -0.19235311509130
   17   -0.08011528014286  -0.08011528014286
   18   -0.08011528013794  -0.08011528013794
   19    0.00570928693981   0.00570928693981
   20    0.00570928694135   0.00570928694135
   21    0.03841767048382   0.03841767048382
   22    0.03841767048595   0.03841767048595
   23    0.03841767049193   0.03841767049193
   24    0.03841767049565   0.03841767049565
   25    0.06817833551327   0.06817833551327
   26    0.06817833552909   0.06817833552909
   27    0.06817833555052   0.06817833555052
   28    0.06817833557465   0.06817833557465
   29    0.09050321186033   0.09050321186033
   30    0.09050321186560   0.09050321186560
   31    0.09050321186857   0.09050321186857
   32    0.09050321187029   0.09050321187029
   33    0.18671976639300   0.18671976639300
   34    0.18671976640721   0.18671976640721
   35    0.21755868853367   0.21755868853367
   36    0.21755868853820   0.21755868853820
   37    0.27104422507471   0.27104422507471
   38    0.27104422510514   0.27104422510514
   39    0.27104422514077   0.27104422514077
   40    0.27104422518229   0.27104422518229
   41    0.35568114601765   0.35568114601765
   42    0.35568114602072   0.35568114602072
   43    0.38778554836201   0.38778554836201
   44    0.38778554840669   0.38778554840669
   45    0.38778554849064   0.38778554849064
   46    0.38778554851813   0.38778554851813
   47    0.41971896326786   0.41971896326786
   48    0.41971896328739   0.41971896328739
   49    0.41971896330051   0.41971896330051
   50    0.41971896331498   0.41971896331498
   51    0.55031292191670   0.55031292191670
   52    0.55031292195698   0.55031292195698
   53    0.57862112101005   0.57862112101005
   54    0.57862112106888   0.57862112106888
   55    0.57862112113126   0.57862112113126
   56    0.57862112113620   0.57862112113620
   57    0.59408860327601   0.59408860327601
   58    0.59408860330711   0.59408860330711
   59    0.59408860336112   0.59408860336112
   60    0.59408860341722   0.59408860341722
   61    0.62668944442827   0.62668944442827
   62    0.62668944444779   0.62668944444779
   63    0.62787768520855   0.62787768520855
   64    0.62787768522582   0.62787768522582
   65    0.62787768528091   0.62787768528091
   66    0.62787768566947   0.62787768566947
   67    0.64735337899592   0.64735337899592
   68    0.64735337915865   0.64735337915865
   69    0.64735337937183   0.64735337937183
   70    0.64735337984759   0.64735337984759
   71    0.68609800555998   0.68609800555998
   72    0.68609800606488   0.68609800606488
   73    0.82090696218356   0.82090696218356
   74    0.82090696591220   0.82090696591220
   75    0.82090696647850   0.82090696647850
   76    0.82090697088174   0.82090697088174
   77    0.85416785378779   0.85416785378779
   78    0.85416785394310   0.85416785394310
   79    0.85416785400519   0.85416785400519
   80    0.85416785420331   0.85416785420331
   81    0.89116813838128   0.89116813838128
   82    0.89116813905536   0.89116813905536
   83    0.96651137776584   0.96651137776584
   84    0.96651137794398   0.96651137794398
   85    0.96651137812609   0.96651137812609
   86    0.96651137824782   0.96651137824782
   87    1.17475572695775   1.17475572695775
   88    1.17475572948672   1.17475572948672
   89    1.70837136381549   1.70837136381549
   90    1.70837137108283   1.70837137108283
   91    1.70837137965501   1.70837137965501
   92    1.70837140011919   1.70837140011919
   93    1.99847746690551   1.99847746690551
   94    1.99847748708308   1.99847748708308
   95    1.99847748941092   1.99847748941092
   96    1.99847750887759   1.99847750887759
   97    2.97225469140224   2.97225469140224
   98    2.97225469696910   2.97225469696910
   99    3.68114852780768   3.68114852780768
  100    3.68114856659901   3.68114856659901
  101    3.68114857271355   3.68114857271355
  102    3.68114863425748   3.68114863425748
  103    4.11596010466262   4.11596010466262
  104    4.11596011505711   4.11596011505711

   kloop=3
   k1=   0.00000 k2=   0.25000 k3=   0.00000

    1   -0.55236299868769  -0.55236299868769
    2   -0.47472782900863  -0.47472782900863
    3   -0.40768682408392  -0.40768682408392
    4   -0.40768682408005  -0.40768682408005
    5   -0.40768682404440  -0.40768682404440
    6   -0.40768682403282  -0.40768682403282
    7   -0.33453298144297  -0.33453298144297
    8   -0.24847834430886  -0.24847834430886
    9   -0.24847834430793  -0.24847834430793
   10   -0.24847834404680  -0.24847834404680
   11   -0.24847834404375  -0.24847834404375
   12   -0.21856498613431  -0.21856498613431
   13   -0.21856498612397  -0.21856498612397
   14   -0.17215676038899  -0.17215676038899
   15   -0.15275590890906  -0.15275590890906
   16   -0.15275590879863  -0.15275590879863
   17   -0.09922930433656  -0.09922930433656
   18   -0.06113732581266  -0.06113732581266
   19   -0.04755634156345  -0.04755634156345
   20   -0.04755634155157  -0.04755634155157
   21   -0.04755633853935  -0.04755633853935
   22   -0.04755633853680  -0.04755633853680
   23   -0.04732336692976  -0.04732336692976
   24    0.01445077808632   0.01445077808632
   25    0.01445077844575   0.01445077844575
   26    0.05020503192196   0.05020503192196
   27    0.13560791936751   0.13560791936751
   28    0.17332995995138   0.17332995995138
   29    0.17332995998174   0.17332995998174
   30    0.17332996122851   0.17332996122851
   31    0.17332996125670   0.17332996125670
   32    0.17532771723965   0.17532771723965
   33    0.17532771729681   0.17532771729681
   34    0.17930817011922   0.17930817011922
   35    0.27049990405328   0.27049990405328
   36    0.27049990412553   0.27049990412553
   37    0.27049990436518   0.27049990436518
   38    0.27049990442134   0.27049990442134
   39    0.28262143370009   0.28262143370009
   40    0.28500808551314   0.28500808551314
   41    0.31748280968428   0.31748280968428
   42    0.36512523444768   0.36512523444768
   43    0.36512523464908   0.36512523464908
   44    0.38009123090524   0.38009123090524
   45    0.38009123091773   0.38009123091773
   46    0.38009123563967   0.38009123563967
   47    0.38009123569421   0.38009123569421
   48    0.40508198170414   0.40508198170414
   49    0.41220571998326   0.41220571998326
   50    0.41220572032978   0.41220572032978
   51    0.46688462970077   0.46688462970077
   52    0.47616559792401   0.47616559792401
   53    0.47616559798789   0.47616559798789
   54    0.47616560250882   0.47616560250882
   55    0.47616560254093   0.47616560254093
   56    0.49444805656882   0.49444805656882
   57    0.60932509904073   0.60932509904073
   58    0.60932509918148   0.60932509918148
   59    0.60932512886720   0.60932512886720
   60    0.60932512903751   0.60932512903751
   61    0.62119281194292   0.62119281194292
   62    0.63516800656732   0.63516800656732
   63    0.65651549884789   0.65651549884789
   64    0.65651549974492   0.65651549974492
   65    0.72026915882357   0.72026915882357
   66    0.72026915984213   0.72026915984213
   67    0.72026916860584   0.72026916860584
   68    0.72026916935583   0.72026916935583
   69    0.73948643286493   0.73948643286493
   70    0.75079735327983   0.75079735327983
   71    0.75154315372530   0.75154315372530
   72    0.75154315577002   0.75154315577002
   73    0.75832934693782   0.75832934693782
   74    0.75832934811611   0.75832934811611
   75    0.75832937512441   0.75832937512441
   76    0.75832937647749   0.75832937647749
   77    0.84338469640300   0.84338469640300
   78    0.84422922170187   0.84422922170187
   79    0.84704276124458   0.84704276124458
   80    0.84704276204544   0.84704276204544
   81    0.84704276684895   0.84704276684895
   82    0.84704276737103   0.84704276737103
   83    0.87685404644243   0.87685404644243
   84    0.87685404748552   0.87685404748552
   85    0.90348324632587   0.90348324632587
   86    1.02468223417975   1.02468223417975
   87    1.02468223494547   1.02468223494547
   88    1.38481651077170   1.38481651077170
   89    1.68812118748850   1.68812118748850
   90    1.68812120457608   1.68812120457608
   91    1.68812124404075   1.68812124404075
   92    1.68812125672903   1.68812125672903
   93    1.69740032129355   1.69740032129355
   94    1.69740033050251   1.69740033050251
   95    1.87926265097562   1.87926265097562
   96    1.87926267621997   1.87926267621997
   97    1.92252404609763   1.92252404609763
   98    3.70175005867866   3.70175005867866
   99    3.93206468924451   3.93206468924451
  100    3.93206473024104   3.93206473024104
  101    3.93206475061043   3.93206475061043
  102    3.93206477808126   3.93206477808126
  103    4.08743015699712   4.08743015699712
  104    4.15545571646130   4.15545571646130

   kloop=4
   k1=   0.00000 k2=   0.25000 k3=   0.25000

    1   -0.54264290341009  -0.54264290341009
    2   -0.46747348017089  -0.46747348017089
    3   -0.46747348014479  -0.46747348014479
    4   -0.42574878514797  -0.42574878514797
    5   -0.38892285570423  -0.38892285570423
    6   -0.34256376931086  -0.34256376931086
    7   -0.34256376924925  -0.34256376924925
    8   -0.28117470950033  -0.28117470950033
    9   -0.24652509559012  -0.24652509559012
   10   -0.24652509542837  -0.24652509542837
   11   -0.22430631094304  -0.22430631094304
   12   -0.22430631078178  -0.22430631078178
   13   -0.22185650187104  -0.22185650187104
   14   -0.21191023480000  -0.21191023480000
   15   -0.18286290773782  -0.18286290773782
   16   -0.13396316860564  -0.13396316860564
   17   -0.07693039855329  -0.07693039855329
   18   -0.04941045332838  -0.04941045332838
   19   -0.04941045138262  -0.04941045138262
   20   -0.01947738849409  -0.01947738849409
   21   -0.01947738428060  -0.01947738428060
   22   -0.00803988437972  -0.00803988437972
   23   -0.00659805965863  -0.00659805965863
   24    0.00338106323220   0.00338106323220
   25    0.03445790825585   0.03445790825585
   26    0.09331436587293   0.09331436587293
   27    0.09331436698604   0.09331436698604
   28    0.09385877070593   0.09385877070593
   29    0.12840263902135   0.12840263902135
   30    0.15879897840657   0.15879897840657
   31    0.17406859807349   0.17406859807349
   32    0.17406859822599   0.17406859822599
   33    0.17688610021570   0.17688610021570
   34    0.18882185549222   0.18882185549222
   35    0.18895492799482   0.18895492799482
   36    0.20219490756302   0.20219490756302
   37    0.26442859387951   0.26442859387951
   38    0.26442859420857   0.26442859420857
   39    0.26825426213629   0.26825426213629
   40    0.26825426320130   0.26825426320130
   41    0.33301874929313   0.33301874929313
   42    0.36562464251917   0.36562464251917
   43    0.36562464298683   0.36562464298683
   44    0.38841623786020   0.38841623786020
   45    0.38841623920958   0.38841623920958
   46    0.41987803379811   0.41987803379811
   47    0.42049062944198   0.42049062944198
   48    0.43413570590520   0.43413570590520
   49    0.45101609100690   0.45101609100690
   50    0.45101610153220   0.45101610153220
   51    0.46064207590729   0.46064207590729
   52    0.48046076739400   0.48046076739400
   53    0.49200263532552   0.49200263532552
   54    0.51660661827495   0.51660661827495
   55    0.54643500889607   0.54643500889607
   56    0.54643502844650   0.54643502844650
   57    0.54868467309723   0.54868467309723
   58    0.55557357835681   0.55557357835681
   59    0.55557358196187   0.55557358196187
   60    0.59667072645532   0.59667072645532
   61    0.62154424881426   0.62154424881426
   62    0.62611919093954   0.62611919093954
   63    0.62611922876297   0.62611922876297
   64    0.66145848702332   0.66145848702332
   65    0.66145849181973   0.66145849181973
   66    0.68042206408291   0.68042206408291
   67    0.68042208372444   0.68042208372444
   68    0.68411457254386   0.68411457254386
   69    0.71029146913151   0.71029146913151
   70    0.71574771470335   0.71574771470335
   71    0.74826498086558   0.74826498086558
   72    0.79388642187825   0.79388642187825
   73    0.79388642823563   0.79388642823563
   74    0.80292626129990   0.80292626129990
   75    0.80655199298253   0.80655199298253
   76    0.82090730007669   0.82090730007669
   77    0.82626945303219   0.82626945303219
   78    0.88488463012817   0.88488463012817
   79    0.88488464962634   0.88488464962634
   80    0.88730689773335   0.88730689773335
   81    0.89465745868614   0.89465745868614
   82    0.89465746813818   0.89465746813818
   83    0.90456287702019   0.90456287702019
   84    0.90606819370498   0.90606819370498
   85    0.90606822552001   0.90606822552001
   86    1.00736666825358   1.00736666825358
   87    1.05367909054900   1.05367909054900
   88    1.28708686495228   1.28708686495228
   89    1.35155501136578   1.35155501136578
   90    1.48312090799717   1.48312090799717
   91    1.61212633407714   1.61212633407714
   92    1.61212639469956   1.61212639469956
   93    1.78919249026017   1.78919249026017
   94    1.83708703074738   1.83708703074738
   95    1.83708704850414   1.83708704850414
   96    1.90039422809613   1.90039422809613
   97    2.61567370437530   2.61567370437530
   98    3.63284851051906   3.63284851051906
   99    3.63284852030441   3.63284852030441
  100    3.81426889526785   3.81426889526785
  101    3.92943482813258   3.92943482813258
  102    4.04612569109021   4.04612569109021
  103    4.04612572624492   4.04612572624492
  104    4.18511513852622   4.18511513852622

   kloop=5
   k1=   0.00000 k2=   0.25000 k3=   0.50000

    1   -0.51381322566559  -0.51381322566559
    2   -0.51381322566198  -0.51381322566198
    3   -0.44827405944087  -0.44827405944087
    4   -0.44827405943332  -0.44827405943332
    5   -0.36478054962419  -0.36478054962419
    6   -0.36478054961803  -0.36478054961803
    7   -0.28099572305618  -0.28099572305618
    8   -0.28099572305464  -0.28099572305464
    9   -0.27845917600974  -0.27845917600974
   10   -0.27845917600814  -0.27845917600814
   11   -0.22269985433661  -0.22269985433661
   12   -0.22269985433595  -0.22269985433595
   13   -0.21789995136252  -0.21789995136252
   14   -0.21789995135956  -0.21789995135956
   15   -0.17546876360906  -0.17546876360906
   16   -0.17546876360722  -0.17546876360722
   17   -0.03090986790767  -0.03090986790767
   18   -0.03090986790576  -0.03090986790576
   19   -0.01420628310068  -0.01420628310068
   20   -0.01420628309662  -0.01420628309662
   21    0.02613733956694   0.02613733956694
   22    0.02613733959292   0.02613733959292
   23    0.04250135842873   0.04250135842873
   24    0.04250135843150   0.04250135843150
   25    0.04823424421771   0.04823424421771
   26    0.04823424422028   0.04823424422028
   27    0.07741011016836   0.07741011016836
   28    0.07741011017572   0.07741011017572
   29    0.08205180143464   0.08205180143464
   30    0.08205180144121   0.08205180144121
   31    0.14410655829555   0.14410655829555
   32    0.14410655830385   0.14410655830385
   33    0.17192585594472   0.17192585594472
   34    0.17192585596175   0.17192585596175
   35    0.17923611932294   0.17923611932294
   36    0.17923611934520   0.17923611934520
   37    0.23226065525522   0.23226065525522
   38    0.23226065526175   0.23226065526175
   39    0.27006387079838   0.27006387079838
   40    0.27006387081048   0.27006387081048
   41    0.33074265745439   0.33074265745439
   42    0.33074265746437   0.33074265746437
   43    0.41650751192875   0.41650751192875
   44    0.41650751195336   0.41650751195336
   45    0.42603657502227   0.42603657502227
   46    0.42603657515569   0.42603657515569
   47    0.43851092223316   0.43851092223316
   48    0.43851092229906   0.43851092229906
   49    0.48948852923984   0.48948852923984
   50    0.48948852925787   0.48948852925787
   51    0.49835034434391   0.49835034434391
   52    0.49835034436491   0.49835034436491
   53    0.50668256801449   0.50668256801449
   54    0.50668256821242   0.50668256821242
   55    0.52104217649428   0.52104217649428
   56    0.52104217663160   0.52104217663160
   57    0.57302659124028   0.57302659124028
   58    0.57302659127676   0.57302659127676
   59    0.57624184400663   0.57624184400663
   60    0.57624184408411   0.57624184408411
   61    0.60956833992541   0.60956833992541
   62    0.60956834002129   0.60956834002129
   63    0.62990709557728   0.62990709557728
   64    0.62990709631542   0.62990709631542
   65    0.64860423003796   0.64860423003796
   66    0.64860423006720   0.64860423006720
   67    0.66397922992233   0.66397922992233
   68    0.66397923025815   0.66397923025815
   69    0.68528356724899   0.68528356724899
   70    0.68528356736295   0.68528356736295
   71    0.72670918133121   0.72670918133121
   72    0.72670918225320   0.72670918225320
   73    0.79832484237945   0.79832484237945
   74    0.79832484339948   0.79832484339948
   75    0.86602265805789   0.86602265805789
   76    0.86602265833108   0.86602265833108
   77    0.87504750635100   0.87504750635100
   78    0.87504750758030   0.87504750758030
   79    0.89602918599612   0.89602918599612
   80    0.89602918622685   0.89602918622685
   81    0.94169111500134   0.94169111500134
   82    0.94169111638481   0.94169111638481
   83    0.95221803417781   0.95221803417781
   84    0.95221803500179   0.95221803500179
   85    0.98322125924697   0.98322125924697
   86    0.98322125955855   0.98322125955855
   87    1.20922657218771   1.20922657218771
   88    1.20922657458948   1.20922657458948
   89    1.44463196121823   1.44463196121823
   90    1.44463196495727   1.44463196495727
   91    1.57609875944029   1.57609875944029
   92    1.57609876309776   1.57609876309776
   93    1.71488939426670   1.71488939426670
   94    1.71488940025496   1.71488940025496
   95    1.80934352558893   1.80934352558893
   96    1.80934353655701   1.80934353655701
   97    3.12245851572356   3.12245851572356
   98    3.12245854719881   3.12245854719881
   99    3.61404303905210   3.61404303905210
  100    3.61404305044685   3.61404305044685
  101    3.80350408860803   3.80350408860803
  102    3.80350411992395   3.80350411992395
  103    4.19920664067712   4.19920664067712
  104    4.19920667742324   4.19920667742324

   kloop=6
   k1=   0.00000 k2=   0.25000 k3=   0.75000

    1   -0.54264290340829  -0.54264290340829
    2   -0.46747348017397  -0.46747348017397
    3   -0.46747348014420  -0.46747348014420
    4   -0.42574878514094  -0.42574878514094
    5   -0.38892285571144  -0.38892285571144
    6   -0.34256376931016  -0.34256376931016
    7   -0.34256376924595  -0.34256376924595
    8   -0.28117470949939  -0.28117470949939
    9   -0.24652509558965  -0.24652509558965
   10   -0.24652509542883  -0.24652509542883
   11   -0.22430631094160  -0.22430631094160
   12   -0.22430631078345  -0.22430631078345
   13   -0.22185650187374  -0.22185650187374
   14   -0.21191023480036  -0.21191023480036
   15   -0.18286290773729  -0.18286290773729
   16   -0.13396316860607  -0.13396316860607
   17   -0.07693039855698  -0.07693039855698
   18   -0.04941045332943  -0.04941045332943
   19   -0.04941045138519  -0.04941045138519
   20   -0.01947738849762  -0.01947738849762
   21   -0.01947738427814  -0.01947738427814
   22   -0.00803988438055  -0.00803988438055
   23   -0.00659805965757  -0.00659805965757
   24    0.00338106323220   0.00338106323220
   25    0.03445790825627   0.03445790825627
   26    0.09331436588227   0.09331436588227
   27    0.09331436699648   0.09331436699648
   28    0.09385877070601   0.09385877070601
   29    0.12840263902221   0.12840263902221
   30    0.15879897840218   0.15879897840218
   31    0.17406859807272   0.17406859807272
   32    0.17406859822839   0.17406859822839
   33    0.17688610021944   0.17688610021944
   34    0.18882185549579   0.18882185549579
   35    0.18895492799725   0.18895492799725
   36    0.20219490755952   0.20219490755952
   37    0.26442859386317   0.26442859386317
   38    0.26442859419266   0.26442859419266
   39    0.26825426213351   0.26825426213351
   40    0.26825426320745   0.26825426320745
   41    0.33301874930340   0.33301874930340
   42    0.36562464250725   0.36562464250725
   43    0.36562464296758   0.36562464296758
   44    0.38841623786695   0.38841623786695
   45    0.38841623922476   0.38841623922476
   46    0.41987803380148   0.41987803380148
   47    0.42049062940197   0.42049062940197
   48    0.43413570590145   0.43413570590145
   49    0.45101609100701   0.45101609100701
   50    0.45101610152086   0.45101610152086
   51    0.46064207591141   0.46064207591141
   52    0.48046076740804   0.48046076740804
   53    0.49200263532485   0.49200263532485
   54    0.51660661826778   0.51660661826778
   55    0.54643500883987   0.54643500883987
   56    0.54643502849980   0.54643502849980
   57    0.54868467296228   0.54868467296228
   58    0.55557357832786   0.55557357832786
   59    0.55557358195043   0.55557358195043
   60    0.59667072647322   0.59667072647322
   61    0.62154424876864   0.62154424876864
   62    0.62611919093019   0.62611919093019
   63    0.62611922867669   0.62611922867669
   64    0.66145848708130   0.66145848708130
   65    0.66145849184736   0.66145849184736
   66    0.68042206398254   0.68042206398254
   67    0.68042208385600   0.68042208385600
   68    0.68411457237177   0.68411457237177
   69    0.71029146871967   0.71029146871967
   70    0.71574771468654   0.71574771468654
   71    0.74826498120800   0.74826498120800
   72    0.79388642176757   0.79388642176757
   73    0.79388642854138   0.79388642854138
   74    0.80292626137905   0.80292626137905
   75    0.80655199375593   0.80655199375593
   76    0.82090730025492   0.82090730025492
   77    0.82626945282024   0.82626945282024
   78    0.88488463032036   0.88488463032036
   79    0.88488464957224   0.88488464957224
   80    0.88730689731934   0.88730689731934
   81    0.89465745853712   0.89465745853712
   82    0.89465746873873   0.89465746873873
   83    0.90456287690447   0.90456287690447
   84    0.90606819329398   0.90606819329398
   85    0.90606822763425   0.90606822763425
   86    1.00736666878490   1.00736666878490
   87    1.05367909009912   1.05367909009912
   88    1.28708686580648   1.28708686580648
   89    1.35155500802915   1.35155500802915
   90    1.48312091464301   1.48312091464301
   91    1.61212634252447   1.61212634252447
   92    1.61212639360668   1.61212639360668
   93    1.78919247453757   1.78919247453757
   94    1.83708702561270   1.83708702561270
   95    1.83708706248993   1.83708706248993
   96    1.90039422184000   1.90039422184000
   97    2.61567370959532   2.61567370959532
   98    3.63284849989318   3.63284849989318
   99    3.63284852244774   3.63284852244774
  100    3.81426888361393   3.81426888361393
  101    3.92943484511365   3.92943484511365
  102    4.04612570594064   4.04612570594064
  103    4.04612576247354   4.04612576247354
  104    4.18511513410763   4.18511513410763

   kloop=7
   k1=   0.00000 k2=   0.50000 k3=   0.00000

    1   -0.52287323175015  -0.52287323175015
    2   -0.52287323174757  -0.52287323174757
    3   -0.40457439369061  -0.40457439369061
    4   -0.40457439368435  -0.40457439368435
    5   -0.40457439368258  -0.40457439368258
    6   -0.40457439367888  -0.40457439367888
    7   -0.26461859123114  -0.26461859123114
    8   -0.26461859122613  -0.26461859122613
    9   -0.26461859122467  -0.26461859122467
   10   -0.26461859122067  -0.26461859122067
   11   -0.25271104891776  -0.25271104891776
   12   -0.25271104891349  -0.25271104891349
   13   -0.19235311539322  -0.19235311539322
   14   -0.19235311539167  -0.19235311539167
   15   -0.19235311537309  -0.19235311537309
   16   -0.19235311537050  -0.19235311537050
   17   -0.08011528066718  -0.08011528066718
   18   -0.08011528066176  -0.08011528066176
   19    0.00570928284382   0.00570928284382
   20    0.00570928284666   0.00570928284666
   21    0.03841767380668   0.03841767380668
   22    0.03841767381033   0.03841767381033
   23    0.03841767381678   0.03841767381678
   24    0.03841767382182   0.03841767382182
   25    0.06817833423883   0.06817833423883
   26    0.06817833428424   0.06817833428424
   27    0.06817833430476   0.06817833430476
   28    0.06817833431208   0.06817833431208
   29    0.09050321190262   0.09050321190262
   30    0.09050321190623   0.09050321190623
   31    0.09050321205019   0.09050321205019
   32    0.09050321205273   0.09050321205273
   33    0.18671976732223   0.18671976732223
   34    0.18671976733864   0.18671976733864
   35    0.21755869057088   0.21755869057088
   36    0.21755869057457   0.21755869057457
   37    0.27104422525204   0.27104422525204
   38    0.27104422527450   0.27104422527450
   39    0.27104422532381   0.27104422532381
   40    0.27104422534903   0.27104422534903
   41    0.35568114992196   0.35568114992196
   42    0.35568114996166   0.35568114996166
   43    0.38778554824811   0.38778554824811
   44    0.38778554828815   0.38778554828815
   45    0.38778554835217   0.38778554835217
   46    0.38778554836401   0.38778554836401
   47    0.41971896292486   0.41971896292486
   48    0.41971896294887   0.41971896294887
   49    0.41971896300143   0.41971896300143
   50    0.41971896302573   0.41971896302573
   51    0.55031292867803   0.55031292867803
   52    0.55031292870503   0.55031292870503
   53    0.57862110280567   0.57862110280567
   54    0.57862110286358   0.57862110286358
   55    0.57862110294723   0.57862110294723
   56    0.57862110302801   0.57862110302801
   57    0.59408860871145   0.59408860871145
   58    0.59408860874318   0.59408860874318
   59    0.59408860878654   0.59408860878654
   60    0.59408860882605   0.59408860882605
   61    0.62668944867150   0.62668944867150
   62    0.62668944870230   0.62668944870230
   63    0.62787769116397   0.62787769116397
   64    0.62787769196479   0.62787769196479
   65    0.62787769199459   0.62787769199459
   66    0.62787769220434   0.62787769220434
   67    0.64735337711711   0.64735337711711
   68    0.64735337759449   0.64735337759449
   69    0.64735337825303   0.64735337825303
   70    0.64735337946168   0.64735337946168
   71    0.68609802019885   0.68609802019885
   72    0.68609802083866   0.68609802083866
   73    0.82090699205230   0.82090699205230
   74    0.82090699350406   0.82090699350406
   75    0.82090699461075   0.82090699461075
   76    0.82090699614244   0.82090699614244
   77    0.85416785523685   0.85416785523685
   78    0.85416785560363   0.85416785560363
   79    0.85416785574280   0.85416785574280
   80    0.85416785581656   0.85416785581656
   81    0.89116812436442   0.89116812436442
   82    0.89116812482438   0.89116812482438
   83    0.96651137708383   0.96651137708383
   84    0.96651137731077   0.96651137731077
   85    0.96651137837907   0.96651137837907
   86    0.96651137852988   0.96651137852988
   87    1.17475579431673   1.17475579431673
   88    1.17475579873210   1.17475579873210
   89    1.70837128913786   1.70837128913786
   90    1.70837131191643   1.70837131191643
   91    1.70837131860905   1.70837131860905
   92    1.70837133136275   1.70837133136275
   93    1.99847737340686   1.99847737340686
   94    1.99847742706591   1.99847742706591
   95    1.99847743861588   1.99847743861588
   96    1.99847744821857   1.99847744821857
   97    2.97225473287306   2.97225473287306
   98    2.97225473518946   2.97225473518946
   99    3.68114853535318   3.68114853535318
  100    3.68114856542310   3.68114856542310
  101    3.68114858017380   3.68114858017380
  102    3.68114858838949   3.68114858838949
  103    4.11596009335751   4.11596009335751
  104    4.11596014317011   4.11596014317011

   kloop=8
   k1=   0.00000 k2=   0.50000 k3=   0.25000

    1   -0.51381322565320  -0.51381322565320
    2   -0.51381322564797  -0.51381322564797
    3   -0.44827405943965  -0.44827405943965
    4   -0.44827405943502  -0.44827405943502
    5   -0.36478054955557  -0.36478054955557
    6   -0.36478054955120  -0.36478054955120
    7   -0.28099572313351  -0.28099572313351
    8   -0.28099572312607  -0.28099572312607
    9   -0.27845917608528  -0.27845917608528
   10   -0.27845917608086  -0.27845917608086
   11   -0.22269985443588  -0.22269985443588
   12   -0.22269985443413  -0.22269985443413
   13   -0.21789995142197  -0.21789995142197
   14   -0.21789995142018  -0.21789995142018
   15   -0.17546876378061  -0.17546876378061
   16   -0.17546876377856  -0.17546876377856
   17   -0.03090986870157  -0.03090986870157
   18   -0.03090986869906  -0.03090986869906
   19   -0.01420628331137  -0.01420628331137
   20   -0.01420628330429  -0.01420628330429
   21    0.02613733965381   0.02613733965381
   22    0.02613733965838   0.02613733965838
   23    0.04250135438482   0.04250135438482
   24    0.04250135438694   0.04250135438694
   25    0.04823424631783   0.04823424631783
   26    0.04823424632058   0.04823424632058
   27    0.07741011347933   0.07741011347933
   28    0.07741011348464   0.07741011348464
   29    0.08205180160902   0.08205180160902
   30    0.08205180161344   0.08205180161344
   31    0.14410655671718   0.14410655671718
   32    0.14410655673433   0.14410655673433
   33    0.17192585680442   0.17192585680442
   34    0.17192585683026   0.17192585683026
   35    0.17923612171444   0.17923612171444
   36    0.17923612171601   0.17923612171601
   37    0.23226065197771   0.23226065197771
   38    0.23226065199641   0.23226065199641
   39    0.27006387122872   0.27006387122872
   40    0.27006387125160   0.27006387125160
   41    0.33074265617703   0.33074265617703
   42    0.33074265620075   0.33074265620075
   43    0.41650751152890   0.41650751152890
   44    0.41650751153708   0.41650751153708
   45    0.42603657550659   0.42603657550659
   46    0.42603657555986   0.42603657555986
   47    0.43851092884731   0.43851092884731
   48    0.43851092896615   0.43851092896615
   49    0.48948852353399   0.48948852353399
   50    0.48948852356165   0.48948852356165
   51    0.49835034759828   0.49835034759828
   52    0.49835034761455   0.49835034761455
   53    0.50668255359844   0.50668255359844
   54    0.50668255372880   0.50668255372880
   55    0.52104218481001   0.52104218481001
   56    0.52104218485563   0.52104218485563
   57    0.57302659609773   0.57302659609773
   58    0.57302659611170   0.57302659611170
   59    0.57624183490266   0.57624183490266
   60    0.57624183498992   0.57624183498992
   61    0.60956835778453   0.60956835778453
   62    0.60956835809115   0.60956835809115
   63    0.62990709266701   0.62990709266701
   64    0.62990709283974   0.62990709283974
   65    0.64860423988892   0.64860423988892
   66    0.64860423997794   0.64860423997794
   67    0.66397923571283   0.66397923571283
   68    0.66397923596725   0.66397923596725
   69    0.68528355582227   0.68528355582227
   70    0.68528355606753   0.68528355606753
   71    0.72670915620645   0.72670915620645
   72    0.72670915718238   0.72670915718238
   73    0.79832488782415   0.79832488782415
   74    0.79832488887649   0.79832488887649
   75    0.86602265313638   0.86602265313638
   76    0.86602265333913   0.86602265333913
   77    0.87504751780904   0.87504751780904
   78    0.87504751849372   0.87504751849372
   79    0.89602919670224   0.89602919670224
   80    0.89602919678004   0.89602919678004
   81    0.94169112497460   0.94169112497460
   82    0.94169112586679   0.94169112586679
   83    0.95221802489983   0.95221802489983
   84    0.95221802561043   0.95221802561043
   85    0.98322125892169   0.98322125892169
   86    0.98322125924609   0.98322125924609
   87    1.20922662024403   1.20922662024403
   88    1.20922662185643   1.20922662185643
   89    1.44463193501668   1.44463193501668
   90    1.44463194845201   1.44463194845201
   91    1.57609870058764   1.57609870058764
   92    1.57609871285137   1.57609871285137
   93    1.71488940009391   1.71488940009391
   94    1.71488941026109   1.71488941026109
   95    1.80934341734743   1.80934341734743
   96    1.80934343375643   1.80934343375643
   97    3.12245851138979   3.12245851138979
   98    3.12245854954963   3.12245854954963
   99    3.61404302301343   3.61404302301343
  100    3.61404305385268   3.61404305385268
  101    3.80350405817209   3.80350405817209
  102    3.80350408348688   3.80350408348688
  103    4.19920661901434   4.19920661901434
  104    4.19920667369441   4.19920667369441

   kloop=9
   k1=   0.00000 k2=   0.50000 k3=   0.50000

    1   -0.48764381737724  -0.48764381737724
    2   -0.48764381737241  -0.48764381737241
    3   -0.48764381737004  -0.48764381737004
    4   -0.48764381736366  -0.48764381736366
    5   -0.32475859309958  -0.32475859309958
    6   -0.32475859309051  -0.32475859309051
    7   -0.32475859308778  -0.32475859308778
    8   -0.32475859308545  -0.32475859308545
    9   -0.26101059439943  -0.26101059439943
   10   -0.26101059438462  -0.26101059438462
   11   -0.26101059437919  -0.26101059437919
   12   -0.26101059437526  -0.26101059437526
   13   -0.17177595514350  -0.17177595514350
   14   -0.17177595514203  -0.17177595514203
   15   -0.17177595514000  -0.17177595514000
   16   -0.17177595513905  -0.17177595513905
   17   -0.02988569076249  -0.02988569076249
   18   -0.02988569075252  -0.02988569075252
   19   -0.02988569074051  -0.02988569074051
   20   -0.02988569072098  -0.02988569072098
   21    0.05661193196151   0.05661193196151
   22    0.05661193196450   0.05661193196450
   23    0.05661193196739   0.05661193196739
   24    0.05661193197103   0.05661193197103
   25    0.06985831339541   0.06985831339541
   26    0.06985831340622   0.06985831340622
   27    0.06985831341243   0.06985831341243
   28    0.06985831342160   0.06985831342160
   29    0.11825773286772   0.11825773286772
   30    0.11825773288645   0.11825773288645
   31    0.11825773289793   0.11825773289793
   32    0.11825773293753   0.11825773293753
   33    0.12767089243016   0.12767089243016
   34    0.12767089243102   0.12767089243102
   35    0.12767089243283   0.12767089243283
   36    0.12767089243423   0.12767089243423
   37    0.24541950351870   0.24541950351870
   38    0.24541950352999   0.24541950352999
   39    0.24541950355649   0.24541950355649
   40    0.24541950358625   0.24541950358625
   41    0.38078501050888   0.38078501050888
   42    0.38078501051551   0.38078501051551
   43    0.38078501052921   0.38078501052921
   44    0.38078501055734   0.38078501055734
   45    0.43980342342944   0.43980342342944
   46    0.43980342347577   0.43980342347577
   47    0.43980342354773   0.43980342354773
   48    0.43980342368345   0.43980342368345
   49    0.49464213911623   0.49464213911623
   50    0.49464213917722   0.49464213917722
   51    0.49464213925948   0.49464213925948
   52    0.49464213937343   0.49464213937343
   53    0.52725201943550   0.52725201943550
   54    0.52725201945929   0.52725201945929
   55    0.52725201946429   0.52725201946429
   56    0.52725201948189   0.52725201948189
   57    0.54286513207437   0.54286513207437
   58    0.54286513210029   0.54286513210029
   59    0.54286513211377   0.54286513211377
   60    0.54286513213096   0.54286513213096
   61    0.60904499789110   0.60904499789110
   62    0.60904499791120   0.60904499791120
   63    0.60904499792699   0.60904499792699
   64    0.60904499793682   0.60904499793682
   65    0.65421935113124   0.65421935113124
   66    0.65421935130591   0.65421935130591
   67    0.65421935163991   0.65421935163991
   68    0.65421935199150   0.65421935199150
   69    0.72824244010813   0.72824244010813
   70    0.72824244094099   0.72824244094099
   71    0.72824244116812   0.72824244116812
   72    0.72824244160811   0.72824244160811
   73    0.88238404285766   0.88238404285766
   74    0.88238404362281   0.88238404362281
   75    0.88238404463918   0.88238404463918
   76    0.88238404585301   0.88238404585301
   77    0.91449968823117   0.91449968823117
   78    0.91449969026954   0.91449969026954
   79    0.91449969211096   0.91449969211096
   80    0.91449969531897   0.91449969531897
   81    0.98973697271882   0.98973697271882
   82    0.98973697298479   0.98973697298479
   83    0.98973697352732   0.98973697352732
   84    0.98973697405958   0.98973697405958
   85    1.03318730237904   1.03318730237904
   86    1.03318730305630   1.03318730305630
   87    1.03318730327103   1.03318730327103
   88    1.03318730350492   1.03318730350492
   89    1.47266821540062   1.47266821540062
   90    1.47266822152001   1.47266822152001
   91    1.47266822896723   1.47266822896723
   92    1.47266825031658   1.47266825031658
   93    1.55049654453211   1.55049654453211
   94    1.55049655048937   1.55049655048937
   95    1.55049655377143   1.55049655377143
   96    1.55049655968793   1.55049655968793
   97    3.36842626034165   3.36842626034165
   98    3.36842627256786   3.36842627256786
   99    3.36842629608673   3.36842629608673
  100    3.36842633448733   3.36842633448733
  101    4.07267178926078   4.07267178926078
  102    4.07267181601806   4.07267181601806
  103    4.07267182779331   4.07267182779331
  104    4.07267195126880   4.07267195126880

   kloop=10
   k1=   0.25000 k2=  -0.00000 k3=   0.00000

    1   -0.55236299869412  -0.55236299869412
    2   -0.47472782900801  -0.47472782900801
    3   -0.40768682408224  -0.40768682408224
    4   -0.40768682407868  -0.40768682407868
    5   -0.40768682404532  -0.40768682404532
    6   -0.40768682403658  -0.40768682403658
    7   -0.33453298144128  -0.33453298144128
    8   -0.24847834431029  -0.24847834431029
    9   -0.24847834430723  -0.24847834430723
   10   -0.24847834404505  -0.24847834404505
   11   -0.24847834404293  -0.24847834404293
   12   -0.21856498613097  -0.21856498613097
   13   -0.21856498612547  -0.21856498612547
   14   -0.17215676039245  -0.17215676039245
   15   -0.15275590890871  -0.15275590890871
   16   -0.15275590880210  -0.15275590880210
   17   -0.09922930433483  -0.09922930433483
   18   -0.06113732581189  -0.06113732581189
   19   -0.04755634156018  -0.04755634156018
   20   -0.04755634155611  -0.04755634155611
   21   -0.04755633853653  -0.04755633853653
   22   -0.04755633853319  -0.04755633853319
   23   -0.04732336693065  -0.04732336693065
   24    0.01445077808615   0.01445077808615
   25    0.01445077844656   0.01445077844656
   26    0.05020503193416   0.05020503193416
   27    0.13560791937123   0.13560791937123
   28    0.17332995996075   0.17332995996075
   29    0.17332995996636   0.17332995996636
   30    0.17332996123390   0.17332996123390
   31    0.17332996125031   0.17332996125031
   32    0.17532771723770   0.17532771723770
   33    0.17532771728712   0.17532771728712
   34    0.17930817012056   0.17930817012056
   35    0.27049990407912   0.27049990407912
   36    0.27049990409556   0.27049990409556
   37    0.27049990439152   0.27049990439152
   38    0.27049990440767   0.27049990440767
   39    0.28262143370326   0.28262143370326
   40    0.28500808550784   0.28500808550784
   41    0.31748280968849   0.31748280968849
   42    0.36512523447043   0.36512523447043
   43    0.36512523464090   0.36512523464090
   44    0.38009123090816   0.38009123090816
   45    0.38009123092334   0.38009123092334
   46    0.38009123566855   0.38009123566855
   47    0.38009123568330   0.38009123568330
   48    0.40508198168667   0.40508198168667
   49    0.41220571997190   0.41220571997190
   50    0.41220572033705   0.41220572033705
   51    0.46688462970990   0.46688462970990
   52    0.47616559793654   0.47616559793654
   53    0.47616559795319   0.47616559795319
   54    0.47616560252044   0.47616560252044
   55    0.47616560254686   0.47616560254686
   56    0.49444805658517   0.49444805658517
   57    0.60932509907956   0.60932509907956
   58    0.60932509914038   0.60932509914038
   59    0.60932512905799   0.60932512905799
   60    0.60932512912920   0.60932512912920
   61    0.62119281195928   0.62119281195928
   62    0.63516800647092   0.63516800647092
   63    0.65651549882835   0.65651549882835
   64    0.65651549965836   0.65651549965836
   65    0.72026915925286   0.72026915925286
   66    0.72026915967964   0.72026915967964
   67    0.72026916888339   0.72026916888339
   68    0.72026916925124   0.72026916925124
   69    0.73948643286504   0.73948643286504
   70    0.75079735323809   0.75079735323809
   71    0.75154315379880   0.75154315379880
   72    0.75154315517885   0.75154315517885
   73    0.75832934716248   0.75832934716248
   74    0.75832934748055   0.75832934748055
   75    0.75832937618230   0.75832937618230
   76    0.75832937689975   0.75832937689975
   77    0.84338469648002   0.84338469648002
   78    0.84422922183155   0.84422922183155
   79    0.84704276124599   0.84704276124599
   80    0.84704276197267   0.84704276197267
   81    0.84704276682658   0.84704276682658
   82    0.84704276800576   0.84704276800576
   83    0.87685404641289   0.87685404641289
   84    0.87685404769160   0.87685404769160
   85    0.90348324626647   0.90348324626647
   86    1.02468223369473   1.02468223369473
   87    1.02468223483595   1.02468223483595
   88    1.38481651166965   1.38481651166965
   89    1.68812118813417   1.68812118813417
   90    1.68812120234750   1.68812120234750
   91    1.68812124765357   1.68812124765357
   92    1.68812125294111   1.68812125294111
   93    1.69740032023993   1.69740032023993
   94    1.69740033320253   1.69740033320253
   95    1.87926263320527   1.87926263320527
   96    1.87926269481178   1.87926269481178
   97    1.92252404477712   1.92252404477712
   98    3.70175005458814   3.70175005458814
   99    3.93206471684660   3.93206471684660
  100    3.93206473986212   3.93206473986212
  101    3.93206474826874   3.93206474826874
  102    3.93206476947065   3.93206476947065
  103    4.08743025015735   4.08743025015735
  104    4.15545571087015   4.15545571087015

   kloop=11
   k1=   0.25000 k2=  -0.00000 k3=   0.25000

    1   -0.54264290341032  -0.54264290341032
    2   -0.46747348017265  -0.46747348017265
    3   -0.46747348014227  -0.46747348014227
    4   -0.42574878514725  -0.42574878514725
    5   -0.38892285570758  -0.38892285570758
    6   -0.34256376931046  -0.34256376931046
    7   -0.34256376924780  -0.34256376924780
    8   -0.28117470950209  -0.28117470950209
    9   -0.24652509558910  -0.24652509558910
   10   -0.24652509543037  -0.24652509543037
   11   -0.22430631094093  -0.22430631094093
   12   -0.22430631077934  -0.22430631077934
   13   -0.22185650186876  -0.22185650186876
   14   -0.21191023480007  -0.21191023480007
   15   -0.18286290773885  -0.18286290773885
   16   -0.13396316860786  -0.13396316860786
   17   -0.07693039854869  -0.07693039854869
   18   -0.04941045332908  -0.04941045332908
   19   -0.04941045138453  -0.04941045138453
   20   -0.01947738850331  -0.01947738850331
   21   -0.01947738427673  -0.01947738427673
   22   -0.00803988437625  -0.00803988437625
   23   -0.00659805965790  -0.00659805965790
   24    0.00338106323266   0.00338106323266
   25    0.03445790825762   0.03445790825762
   26    0.09331436587348   0.09331436587348
   27    0.09331436698115   0.09331436698115
   28    0.09385877072050   0.09385877072050
   29    0.12840263902205   0.12840263902205
   30    0.15879897840612   0.15879897840612
   31    0.17406859806854   0.17406859806854
   32    0.17406859822069   0.17406859822069
   33    0.17688610021030   0.17688610021030
   34    0.18882185549166   0.18882185549166
   35    0.18895492798588   0.18895492798588
   36    0.20219490755975   0.20219490755975
   37    0.26442859386048   0.26442859386048
   38    0.26442859416945   0.26442859416945
   39    0.26825426211705   0.26825426211705
   40    0.26825426320614   0.26825426320614
   41    0.33301874930918   0.33301874930918
   42    0.36562464248964   0.36562464248964
   43    0.36562464298783   0.36562464298783
   44    0.38841623785211   0.38841623785211
   45    0.38841623922184   0.38841623922184
   46    0.41987803379062   0.41987803379062
   47    0.42049062943010   0.42049062943010
   48    0.43413570589360   0.43413570589360
   49    0.45101609099948   0.45101609099948
   50    0.45101610151078   0.45101610151078
   51    0.46064207592066   0.46064207592066
   52    0.48046076739248   0.48046076739248
   53    0.49200263533474   0.49200263533474
   54    0.51660661826933   0.51660661826933
   55    0.54643500890180   0.54643500890180
   56    0.54643502846427   0.54643502846427
   57    0.54868467309949   0.54868467309949
   58    0.55557357834037   0.55557357834037
   59    0.55557358193851   0.55557358193851
   60    0.59667072645906   0.59667072645906
   61    0.62154424878724   0.62154424878724
   62    0.62611919092494   0.62611919092494
   63    0.62611922862993   0.62611922862993
   64    0.66145848714347   0.66145848714347
   65    0.66145849186812   0.66145849186812
   66    0.68042206376426   0.68042206376426
   67    0.68042208367364   0.68042208367364
   68    0.68411457256962   0.68411457256962
   69    0.71029146878262   0.71029146878262
   70    0.71574771472437   0.71574771472437
   71    0.74826498104113   0.74826498104113
   72    0.79388642169856   0.79388642169856
   73    0.79388642805014   0.79388642805014
   74    0.80292626139722   0.80292626139722
   75    0.80655199383074   0.80655199383074
   76    0.82090730042215   0.82090730042215
   77    0.82626945278275   0.82626945278275
   78    0.88488463043055   0.88488463043055
   79    0.88488464994544   0.88488464994544
   80    0.88730689750220   0.88730689750220
   81    0.89465745864641   0.89465745864641
   82    0.89465746853007   0.89465746853007
   83    0.90456287696346   0.90456287696346
   84    0.90606819325096   0.90606819325096
   85    0.90606822614759   0.90606822614759
   86    1.00736666784670   1.00736666784670
   87    1.05367909009008   1.05367909009008
   88    1.28708686613971   1.28708686613971
   89    1.35155500789180   1.35155500789180
   90    1.48312090292522   1.48312090292522
   91    1.61212633211998   1.61212633211998
   92    1.61212640049401   1.61212640049401
   93    1.78919249036491   1.78919249036491
   94    1.83708702540606   1.83708702540606
   95    1.83708704138064   1.83708704138064
   96    1.90039423071859   1.90039423071859
   97    2.61567371000188   2.61567371000188
   98    3.63284849765348   3.63284849765348
   99    3.63284851750629   3.63284851750629
  100    3.81426887373382   3.81426887373382
  101    3.92943483774902   3.92943483774902
  102    4.04612570075695   4.04612570075695
  103    4.04612573845638   4.04612573845638
  104    4.18511513643169   4.18511513643169

   kloop=12
   k1=   0.25000 k2=  -0.00000 k3=   0.50000

    1   -0.51381322566870  -0.51381322566870
    2   -0.51381322566157  -0.51381322566157
    3   -0.44827405943923  -0.44827405943923
    4   -0.44827405943450  -0.44827405943450
    5   -0.36478054962411  -0.36478054962411
    6   -0.36478054961670  -0.36478054961670
    7   -0.28099572305627  -0.28099572305627
    8   -0.28099572305040  -0.28099572305040
    9   -0.27845917601163  -0.27845917601163
   10   -0.27845917600848  -0.27845917600848
   11   -0.22269985433787  -0.22269985433787
   12   -0.22269985433496  -0.22269985433496
   13   -0.21789995136131  -0.21789995136131
   14   -0.21789995135831  -0.21789995135831
   15   -0.17546876360702  -0.17546876360702
   16   -0.17546876360379  -0.17546876360379
   17   -0.03090986790921  -0.03090986790921
   18   -0.03090986790316  -0.03090986790316
   19   -0.01420628310169  -0.01420628310169
   20   -0.01420628309875  -0.01420628309875
   21    0.02613733957662   0.02613733957662
   22    0.02613733958323   0.02613733958323
   23    0.04250135842546   0.04250135842546
   24    0.04250135843273   0.04250135843273
   25    0.04823424421265   0.04823424421265
   26    0.04823424422327   0.04823424422327
   27    0.07741011015903   0.07741011015903
   28    0.07741011017545   0.07741011017545
   29    0.08205180143465   0.08205180143465
   30    0.08205180143976   0.08205180143976
   31    0.14410655828270   0.14410655828270
   32    0.14410655830792   0.14410655830792
   33    0.17192585592544   0.17192585592544
   34    0.17192585593347   0.17192585593347
   35    0.17923611931703   0.17923611931703
   36    0.17923611934380   0.17923611934380
   37    0.23226065522823   0.23226065522823
   38    0.23226065526916   0.23226065526916
   39    0.27006387077976   0.27006387077976
   40    0.27006387079389   0.27006387079389
   41    0.33074265744784   0.33074265744784
   42    0.33074265747010   0.33074265747010
   43    0.41650751192852   0.41650751192852
   44    0.41650751194557   0.41650751194557
   45    0.42603657506567   0.42603657506567
   46    0.42603657511319   0.42603657511319
   47    0.43851092221340   0.43851092221340
   48    0.43851092222805   0.43851092222805
   49    0.48948852923323   0.48948852923323
   50    0.48948852925358   0.48948852925358
   51    0.49835034433680   0.49835034433680
   52    0.49835034434989   0.49835034434989
   53    0.50668256805228   0.50668256805228
   54    0.50668256814922   0.50668256814922
   55    0.52104217648629   0.52104217648629
   56    0.52104217654688   0.52104217654688
   57    0.57302659125253   0.57302659125253
   58    0.57302659127358   0.57302659127358
   59    0.57624184382824   0.57624184382824
   60    0.57624184406093   0.57624184406093
   61    0.60956833981058   0.60956833981058
   62    0.60956833990516   0.60956833990516
   63    0.62990709568436   0.62990709568436
   64    0.62990709601841   0.62990709601841
   65    0.64860423004544   0.64860423004544
   66    0.64860423007550   0.64860423007550
   67    0.66397922980479   0.66397922980479
   68    0.66397923007532   0.66397923007532
   69    0.68528356717927   0.68528356717927
   70    0.68528356747071   0.68528356747071
   71    0.72670918176566   0.72670918176566
   72    0.72670918201877   0.72670918201877
   73    0.79832484096666   0.79832484096666
   74    0.79832484310293   0.79832484310293
   75    0.86602265802614   0.86602265802614
   76    0.86602265817246   0.86602265817246
   77    0.87504750610355   0.87504750610355
   78    0.87504750735031   0.87504750735031
   79    0.89602918546851   0.89602918546851
   80    0.89602918597766   0.89602918597766
   81    0.94169111342176   0.94169111342176
   82    0.94169111586884   0.94169111586884
   83    0.95221803429355   0.95221803429355
   84    0.95221803457504   0.95221803457504
   85    0.98322125935684   0.98322125935684
   86    0.98322125963411   0.98322125963411
   87    1.20922656544007   1.20922656544007
   88    1.20922657465572   1.20922657465572
   89    1.44463194833774   1.44463194833774
   90    1.44463196421246   1.44463196421246
   91    1.57609875289284   1.57609875289284
   92    1.57609876471464   1.57609876471464
   93    1.71488938903880   1.71488938903880
   94    1.71488939746587   1.71488939746587
   95    1.80934350237711   1.80934350237711
   96    1.80934352188556   1.80934352188556
   97    3.12245849777419   3.12245849777419
   98    3.12245852033773   3.12245852033773
   99    3.61404299999522   3.61404299999522
  100    3.61404305749308   3.61404305749308
  101    3.80350404372006   3.80350404372006
  102    3.80350411226964   3.80350411226964
  103    4.19920658058760   4.19920658058760
  104    4.19920666340314   4.19920666340314

   kloop=13
   k1=   0.25000 k2=  -0.00000 k3=   0.75000

    1   -0.54264290341413  -0.54264290341413
    2   -0.46747348016845  -0.46747348016845
    3   -0.46747348014362  -0.46747348014362
    4   -0.42574878514425  -0.42574878514425
    5   -0.38892285570718  -0.38892285570718
    6   -0.34256376930770  -0.34256376930770
    7   -0.34256376924848  -0.34256376924848
    8   -0.28117470950031  -0.28117470950031
    9   -0.24652509558817  -0.24652509558817
   10   -0.24652509543215  -0.24652509543215
   11   -0.22430631094215  -0.22430631094215
   12   -0.22430631078029  -0.22430631078029
   13   -0.22185650186624  -0.22185650186624
   14   -0.21191023480122  -0.21191023480122
   15   -0.18286290773828  -0.18286290773828
   16   -0.13396316860565  -0.13396316860565
   17   -0.07693039856039  -0.07693039856039
   18   -0.04941045332904  -0.04941045332904
   19   -0.04941045138329  -0.04941045138329
   20   -0.01947738849278  -0.01947738849278
   21   -0.01947738427804  -0.01947738427804
   22   -0.00803988437829  -0.00803988437829
   23   -0.00659805965881  -0.00659805965881
   24    0.00338106323213   0.00338106323213
   25    0.03445790825658   0.03445790825658
   26    0.09331436587419   0.09331436587419
   27    0.09331436698104   0.09331436698104
   28    0.09385877070564   0.09385877070564
   29    0.12840263902150   0.12840263902150
   30    0.15879897841085   0.15879897841085
   31    0.17406859806217   0.17406859806217
   32    0.17406859823286   0.17406859823286
   33    0.17688610021113   0.17688610021113
   34    0.18882185548651   0.18882185548651
   35    0.18895492800825   0.18895492800825
   36    0.20219490756217   0.20219490756217
   37    0.26442859385260   0.26442859385260
   38    0.26442859418803   0.26442859418803
   39    0.26825426212166   0.26825426212166
   40    0.26825426319926   0.26825426319926
   41    0.33301874927073   0.33301874927073
   42    0.36562464250428   0.36562464250428
   43    0.36562464295927   0.36562464295927
   44    0.38841623783315   0.38841623783315
   45    0.38841623922752   0.38841623922752
   46    0.41987803379178   0.41987803379178
   47    0.42049062942522   0.42049062942522
   48    0.43413570590352   0.43413570590352
   49    0.45101609098993   0.45101609098993
   50    0.45101610152578   0.45101610152578
   51    0.46064207591315   0.46064207591315
   52    0.48046076737274   0.48046076737274
   53    0.49200263533548   0.49200263533548
   54    0.51660661828029   0.51660661828029
   55    0.54643500887142   0.54643500887142
   56    0.54643502849327   0.54643502849327
   57    0.54868467296557   0.54868467296557
   58    0.55557357833950   0.55557357833950
   59    0.55557358193476   0.55557358193476
   60    0.59667072645407   0.59667072645407
   61    0.62154424880660   0.62154424880660
   62    0.62611919081639   0.62611919081639
   63    0.62611922866276   0.62611922866276
   64    0.66145848718972   0.66145848718972
   65    0.66145849190817   0.66145849190817
   66    0.68042206396249   0.68042206396249
   67    0.68042208347655   0.68042208347655
   68    0.68411457251838   0.68411457251838
   69    0.71029146876891   0.71029146876891
   70    0.71574771469775   0.71574771469775
   71    0.74826498093960   0.74826498093960
   72    0.79388642180042   0.79388642180042
   73    0.79388642870085   0.79388642870085
   74    0.80292626135693   0.80292626135693
   75    0.80655199294713   0.80655199294713
   76    0.82090730000515   0.82090730000515
   77    0.82626945285049   0.82626945285049
   78    0.88488463042354   0.88488463042354
   79    0.88488464910292   0.88488464910292
   80    0.88730689754922   0.88730689754922
   81    0.89465745823474   0.89465745823474
   82    0.89465746864116   0.89465746864116
   83    0.90456287680654   0.90456287680654
   84    0.90606819299653   0.90606819299653
   85    0.90606822623563   0.90606822623563
   86    1.00736666787806   1.00736666787806
   87    1.05367909060603   1.05367909060603
   88    1.28708686398363   1.28708686398363
   89    1.35155501133110   1.35155501133110
   90    1.48312090871208   1.48312090871208
   91    1.61212632332543   1.61212632332543
   92    1.61212639556025   1.61212639556025
   93    1.78919248118590   1.78919248118590
   94    1.83708702613440   1.83708702613440
   95    1.83708705387902   1.83708705387902
   96    1.90039421973794   1.90039421973794
   97    2.61567368381877   2.61567368381877
   98    3.63284851056149   3.63284851056149
   99    3.63284851839541   3.63284851839541
  100    3.81426888792334   3.81426888792334
  101    3.92943482653611   3.92943482653611
  102    4.04612569245068   4.04612569245068
  103    4.04612572463630   4.04612572463630
  104    4.18511511469129   4.18511511469129

   kloop=14
   k1=   0.25000 k2=   0.25000 k3=   0.00000

    1   -0.54264290340218  -0.54264290340218
    2   -0.46747348014313  -0.46747348014313
    3   -0.46747348014062  -0.46747348014062
    4   -0.42574878513273  -0.42574878513273
    5   -0.38892285572516  -0.38892285572516
    6   -0.34256376926322  -0.34256376926322
    7   -0.34256376926132  -0.34256376926132
    8   -0.28117470957336  -0.28117470957336
    9   -0.24652509564685  -0.24652509564685
   10   -0.24652509564347  -0.24652509564347
   11   -0.22430631104089  -0.22430631104089
   12   -0.22430631103774  -0.22430631103774
   13   -0.22185650186119  -0.22185650186119
   14   -0.21191023446775  -0.21191023446775
   15   -0.18286290780081  -0.18286290780081
   16   -0.13396316877529  -0.13396316877529
   17   -0.07693039608810  -0.07693039608810
   18   -0.04941045349205  -0.04941045349205
   19   -0.04941045348502  -0.04941045348502
   20   -0.01947738787073  -0.01947738787073
   21   -0.01947738786328  -0.01947738786328
   22   -0.00803988421149  -0.00803988421149
   23   -0.00659806014389  -0.00659806014389
   24    0.00338106306451   0.00338106306451
   25    0.03445791181310   0.03445791181310
   26    0.09331436699719   0.09331436699719
   27    0.09331436701301   0.09331436701301
   28    0.09385877158108   0.09385877158108
   29    0.12840263744514   0.12840263744514
   30    0.15879897689976   0.15879897689976
   31    0.17406859800057   0.17406859800057
   32    0.17406859803992   0.17406859803992
   33    0.17688610015390   0.17688610015390
   34    0.18882185705626   0.18882185705626
   35    0.18895492878049   0.18895492878049
   36    0.20219490597242   0.20219490597242
   37    0.26442859502340   0.26442859502340
   38    0.26442859509433   0.26442859509433
   39    0.26825426339965   0.26825426339965
   40    0.26825426341608   0.26825426341608
   41    0.33301874942210   0.33301874942210
   42    0.36562464270555   0.36562464270555
   43    0.36562464271033   0.36562464271033
   44    0.38841623890821   0.38841623890821
   45    0.38841623894594   0.38841623894594
   46    0.41987803315022   0.41987803315022
   47    0.42049062862689   0.42049062862689
   48    0.43413570764353   0.43413570764353
   49    0.45101608507705   0.45101608507705
   50    0.45101608514518   0.45101608514518
   51    0.46064207469015   0.46064207469015
   52    0.48046077036707   0.48046077036707
   53    0.49200263509338   0.49200263509338
   54    0.51660662477783   0.51660662477783
   55    0.54643501397134   0.54643501397134
   56    0.54643501402775   0.54643501402775
   57    0.54868462263879   0.54868462263879
   58    0.55557359804326   0.55557359804326
   59    0.55557359808607   0.55557359808607
   60    0.59667072725399   0.59667072725399
   61    0.62154425883231   0.62154425883231
   62    0.62611922748438   0.62611922748438
   63    0.62611922783169   0.62611922783169
   64    0.66145849012830   0.66145849012830
   65    0.66145849038899   0.66145849038899
   66    0.68042207402264   0.68042207402264
   67    0.68042207489395   0.68042207489395
   68    0.68411457382605   0.68411457382605
   69    0.71029146744620   0.71029146744620
   70    0.71574770690188   0.71574770690188
   71    0.74826500141922   0.74826500141922
   72    0.79388642816100   0.79388642816100
   73    0.79388642888174   0.79388642888174
   74    0.80292627065715   0.80292627065715
   75    0.80655192748938   0.80655192748938
   76    0.82090730549182   0.82090730549182
   77    0.82626945462756   0.82626945462756
   78    0.88488463034932   0.88488463034932
   79    0.88488463071991   0.88488463071991
   80    0.88730690497866   0.88730690497866
   81    0.89465747194136   0.89465747194136
   82    0.89465747288100   0.89465747288100
   83    0.90456288281483   0.90456288281483
   84    0.90606823472079   0.90606823472079
   85    0.90606823694351   0.90606823694351
   86    1.00736666510942   1.00736666510942
   87    1.05367908836978   1.05367908836978
   88    1.28708688773827   1.28708688773827
   89    1.35155502618654   1.35155502618654
   90    1.48312087379042   1.48312087379042
   91    1.61212634184496   1.61212634184496
   92    1.61212635840905   1.61212635840905
   93    1.78919260095027   1.78919260095027
   94    1.83708699453532   1.83708699453532
   95    1.83708700007352   1.83708700007352
   96    1.90039421292431   1.90039421292431
   97    2.61567370828414   2.61567370828414
   98    3.63284851385281   3.63284851385281
   99    3.63284853051015   3.63284853051015
  100    3.81426888338360   3.81426888338360
  101    3.92943488285795   3.92943488285795
  102    4.04612565573055   4.04612565573055
  103    4.04612571014033   4.04612571014033
  104    4.18511507993678   4.18511507993678

   kloop=15
   k1=   0.25000 k2=   0.25000 k3=   0.25000

    1   -0.53314872821673  -0.53314872821673
    2   -0.46291414173199  -0.46291414173199
    3   -0.46291414171700  -0.46291414171700
    4   -0.46291414170892  -0.46291414170892
    5   -0.35788921545876  -0.35788921545876
    6   -0.35788921545610  -0.35788921545610
    7   -0.35788921541783  -0.35788921541783
    8   -0.26759362861305  -0.26759362861305
    9   -0.25300290758099  -0.25300290758099
   10   -0.25300290756179  -0.25300290756179
   11   -0.25300290755940  -0.25300290755940
   12   -0.20383737364941  -0.20383737364941
   13   -0.20383737364456  -0.20383737364456
   14   -0.20383737337800  -0.20383737337800
   15   -0.15091425298216  -0.15091425298216
   16   -0.15091425290415  -0.15091425290415
   17   -0.06495706306615  -0.06495706306615
   18   -0.06495706305855  -0.06495706305855
   19   -0.06495706080869  -0.06495706080869
   20   -0.04474901221393  -0.04474901221393
   21    0.00736765557319   0.00736765557319
   22    0.00736765681121   0.00736765681121
   23    0.04804268572413   0.04804268572413
   24    0.04804268573666   0.04804268573666
   25    0.04804268897544   0.04804268897544
   26    0.09284776247773   0.09284776247773
   27    0.09284776248967   0.09284776248967
   28    0.09284776275259   0.09284776275259
   29    0.09929771038997   0.09929771038997
   30    0.09929771213608   0.09929771213608
   31    0.09929771214304   0.09929771214304
   32    0.14532333943050   0.14532333943050
   33    0.16027252531402   0.16027252531402
   34    0.16027252772603   0.16027252772603
   35    0.26856032772562   0.26856032772562
   36    0.26856032775151   0.26856032775151
   37    0.26856032842891   0.26856032842891
   38    0.27975720207022   0.27975720207022
   39    0.27975720298942   0.27975720298942
   40    0.27975720301769   0.27975720301769
   41    0.35194141157721   0.35194141157721
   42    0.35427717194788   0.35427717194788
   43    0.35427717197664   0.35427717197664
   44    0.35427717224608   0.35427717224608
   45    0.35938892354358   0.35938892354358
   46    0.35938892356786   0.35938892356786
   47    0.35938892361971   0.35938892361971
   48    0.40744874582023   0.40744874582023
   49    0.46853090174460   0.46853090174460
   50    0.46853090448941   0.46853090448941
   51    0.49359034435589   0.49359034435589
   52    0.49359037047578   0.49359037047578
   53    0.49359037059590   0.49359037059590
   54    0.54220079305755   0.54220079305755
   55    0.54220079675498   0.54220079675498
   56    0.54220079682668   0.54220079682668
   57    0.58318466929428   0.58318466929428
   58    0.58318466937142   0.58318466937142
   59    0.58318467786861   0.58318467786861
   60    0.58594069890815   0.58594069890815
   61    0.58594070198203   0.58594070198203
   62    0.58594070202102   0.58594070202102
   63    0.65040627620443   0.65040627620443
   64    0.65040628544016   0.65040628544016
   65    0.65040628592676   0.65040628592676
   66    0.68241935839602   0.68241935839602
   67    0.68241937354332   0.68241937354332
   68    0.74156980520604   0.74156980520604
   69    0.74156980597190   0.74156980597190
   70    0.74156981466128   0.74156981466128
   71    0.77227851946891   0.77227851946891
   72    0.77537723160596   0.77537723160596
   73    0.77537723310408   0.77537723310408
   74    0.77537723373236   0.77537723373236
   75    0.84489966601872   0.84489966601872
   76    0.84489968362692   0.84489968362692
   77    0.88144589255379   0.88144589255379
   78    0.88144589398211   0.88144589398211
   79    0.88144589527311   0.88144589527311
   80    0.90874505733168   0.90874505733168
   81    0.90874505775229   0.90874505775229
   82    0.90874506296442   0.90874506296442
   83    0.95770175055723   0.95770175055723
   84    0.95770178342426   0.95770178342426
   85    0.95770178486631   0.95770178486631
   86    1.09330561440952   1.09330561440952
   87    1.09929444527014   1.09929444527014
   88    1.09929446168041   1.09929446168041
   89    1.44820904225896   1.44820904225896
   90    1.44820906541442   1.44820906541442
   91    1.44820907224959   1.44820907224959
   92    1.54256576310717   1.54256576310717
   93    1.54256582963314   1.54256582963314
   94    1.81591873243604   1.81591873243604
   95    1.81591874751185   1.81591874751185
   96    1.81591885968742   1.81591885968742
   97    2.32965602624434   2.32965602624434
   98    3.53979984782855   3.53979984782855
   99    3.53979985765430   3.53979985765430
  100    3.53979988082102   3.53979988082102
  101    3.99100917349636   3.99100917349636
  102    3.99100923203675   3.99100923203675
  103    3.99100925462204   3.99100925462204
  104    4.25849172078529   4.25849172078529

   kloop=16
   k1=   0.25000 k2=   0.25000 k3=   0.50000

    1   -0.50548720345521  -0.50548720345521
    2   -0.50548720345202  -0.50548720345202
    3   -0.45735720049045  -0.45735720049045
    4   -0.45735720048441  -0.45735720048441
    5   -0.37270211344980  -0.37270211344980
    6   -0.37270211344502  -0.37270211344502
    7   -0.31752027763897  -0.31752027763897
    8   -0.31752027763178  -0.31752027763178
    9   -0.24990711396066  -0.24990711396066
   10   -0.24990711395729  -0.24990711395729
   11   -0.20223366905617  -0.20223366905617
   12   -0.20223366905335  -0.20223366905335
   13   -0.19043050380797  -0.19043050380797
   14   -0.19043050380525  -0.19043050380525
   15   -0.18115258344639  -0.18115258344639
   16   -0.18115258344344  -0.18115258344344
   17   -0.03758138287500  -0.03758138287500
   18   -0.03758138286753  -0.03758138286753
   19   -0.00734596572266  -0.00734596572266
   20   -0.00734596571156  -0.00734596571156
   21   -0.00374439660920  -0.00374439660920
   22   -0.00374439660654  -0.00374439660654
   23    0.01406192892520   0.01406192892520
   24    0.01406192892925   0.01406192892925
   25    0.04344673115825   0.04344673115825
   26    0.04344673116478   0.04344673116478
   27    0.09241631757264   0.09241631757264
   28    0.09241631758467   0.09241631758467
   29    0.09857778434017   0.09857778434017
   30    0.09857778434651   0.09857778434651
   31    0.14690854544281   0.14690854544281
   32    0.14690854545726   0.14690854545726
   33    0.16274665847837   0.16274665847837
   34    0.16274665850224   0.16274665850224
   35    0.24088896328879   0.24088896328879
   36    0.24088896329150   0.24088896329150
   37    0.24799744293279   0.24799744293279
   38    0.24799744296099   0.24799744296099
   39    0.29043344647549   0.29043344647549
   40    0.29043344649705   0.29043344649705
   41    0.32371995450790   0.32371995450790
   42    0.32371995451257   0.32371995451257
   43    0.33772349388386   0.33772349388386
   44    0.33772349389643   0.33772349389643
   45    0.39284940151073   0.39284940151073
   46    0.39284940153648   0.39284940153648
   47    0.45848342812541   0.45848342812541
   48    0.45848342822602   0.45848342822602
   49    0.46057179436262   0.46057179436262
   50    0.46057179438987   0.46057179438987
   51    0.47311265967106   0.47311265967106
   52    0.47311265968501   0.47311265968501
   53    0.48211640700994   0.48211640700994
   54    0.48211640707863   0.48211640707863
   55    0.50043551360286   0.50043551360286
   56    0.50043551362608   0.50043551362608
   57    0.59368532198308   0.59368532198308
   58    0.59368532200246   0.59368532200246
   59    0.61915325479057   0.61915325479057
   60    0.61915325535715   0.61915325535715
   61    0.62440317124849   0.62440317124849
   62    0.62440317138080   0.62440317138080
   63    0.64291646503392   0.64291646503392
   64    0.64291646509339   0.64291646509339
   65    0.68221840268396   0.68221840268396
   66    0.68221840277705   0.68221840277705
   67    0.68489986246331   0.68489986246331
   68    0.68489986253667   0.68489986253667
   69    0.70166878565231   0.70166878565231
   70    0.70166878682145   0.70166878682145
   71    0.75971054997850   0.75971054997850
   72    0.75971055007648   0.75971055007648
   73    0.81290516031089   0.81290516031089
   74    0.81290516102629   0.81290516102629
   75    0.84306750886163   0.84306750886163
   76    0.84306750911059   0.84306750911059
   77    0.89323859202266   0.89323859202266
   78    0.89323859289306   0.89323859289306
   79    0.94261499167974   0.94261499167974
   80    0.94261499207713   0.94261499207713
   81    0.96605426125204   0.96605426125204
   82    0.96605426170741   0.96605426170741
   83    0.99052020246773   0.99052020246773
   84    0.99052020641415   0.99052020641415
   85    0.99770289570871   0.99770289570871
   86    0.99770289582816   0.99770289582816
   87    1.22699963851986   1.22699963851986
   88    1.22699964264430   1.22699964264430
   89    1.34487973084750   1.34487973084750
   90    1.34487973605033   1.34487973605033
   91    1.36391637972349   1.36391637972349
   92    1.36391638603183   1.36391638603183
   93    1.70234508756884   1.70234508756884
   94    1.70234509999498   1.70234509999498
   95    1.70786245920718   1.70786245920718
   96    1.70786247808874   1.70786247808874
   97    2.62349108870152   2.62349108870152
   98    2.62349109869146   2.62349109869146
   99    3.31725698801545   3.31725698801545
  100    3.31725700119081   3.31725700119081
  101    3.92806575457544   3.92806575457544
  102    3.92806586600844   3.92806586600844
  103    4.25265891227724   4.25265891227724
  104    4.25265893322712   4.25265893322712

   kloop=17
   k1=   0.25000 k2=   0.25000 k3=   0.75000

    1   -0.53314872821954  -0.53314872821954
    2   -0.46291414173168  -0.46291414173168
    3   -0.46291414171977  -0.46291414171977
    4   -0.46291414171265  -0.46291414171265
    5   -0.35788921546220  -0.35788921546220
    6   -0.35788921545330  -0.35788921545330
    7   -0.35788921541557  -0.35788921541557
    8   -0.26759362861301  -0.26759362861301
    9   -0.25300290758060  -0.25300290758060
   10   -0.25300290756319  -0.25300290756319
   11   -0.25300290755938  -0.25300290755938
   12   -0.20383737365150  -0.20383737365150
   13   -0.20383737364481  -0.20383737364481
   14   -0.20383737337809  -0.20383737337809
   15   -0.15091425298227  -0.15091425298227
   16   -0.15091425290525  -0.15091425290525
   17   -0.06495706307256  -0.06495706307256
   18   -0.06495706306085  -0.06495706306085
   19   -0.06495706080951  -0.06495706080951
   20   -0.04474901221266  -0.04474901221266
   21    0.00736765557214   0.00736765557214
   22    0.00736765681518   0.00736765681518
   23    0.04804268572470   0.04804268572470
   24    0.04804268573903   0.04804268573903
   25    0.04804268896712   0.04804268896712
   26    0.09284776248129   0.09284776248129
   27    0.09284776249886   0.09284776249886
   28    0.09284776275686   0.09284776275686
   29    0.09929771038962   0.09929771038962
   30    0.09929771213595   0.09929771213595
   31    0.09929771214456   0.09929771214456
   32    0.14532333943440   0.14532333943440
   33    0.16027252531784   0.16027252531784
   34    0.16027252772140   0.16027252772140
   35    0.26856032770494   0.26856032770494
   36    0.26856032774137   0.26856032774137
   37    0.26856032837506   0.26856032837506
   38    0.27975720206937   0.27975720206937
   39    0.27975720299281   0.27975720299281
   40    0.27975720303375   0.27975720303375
   41    0.35194141157523   0.35194141157523
   42    0.35427717196073   0.35427717196073
   43    0.35427717196716   0.35427717196716
   44    0.35427717223347   0.35427717223347
   45    0.35938892353214   0.35938892353214
   46    0.35938892356702   0.35938892356702
   47    0.35938892360124   0.35938892360124
   48    0.40744874576739   0.40744874576739
   49    0.46853090178818   0.46853090178818
   50    0.46853090445617   0.46853090445617
   51    0.49359034441138   0.49359034441138
   52    0.49359037043573   0.49359037043573
   53    0.49359037052723   0.49359037052723
   54    0.54220079301289   0.54220079301289
   55    0.54220079674910   0.54220079674910
   56    0.54220079682495   0.54220079682495
   57    0.58318466931479   0.58318466931479
   58    0.58318466937209   0.58318466937209
   59    0.58318467785565   0.58318467785565
   60    0.58594069891656   0.58594069891656
   61    0.58594070201065   0.58594070201065
   62    0.58594070203859   0.58594070203859
   63    0.65040627633314   0.65040627633314
   64    0.65040628501398   0.65040628501398
   65    0.65040628554165   0.65040628554165
   66    0.68241935843914   0.68241935843914
   67    0.68241937352464   0.68241937352464
   68    0.74156980567101   0.74156980567101
   69    0.74156980631311   0.74156980631311
   70    0.74156981509782   0.74156981509782
   71    0.77227851941132   0.77227851941132
   72    0.77537723152926   0.77537723152926
   73    0.77537723244806   0.77537723244806
   74    0.77537723302610   0.77537723302610
   75    0.84489966612859   0.84489966612859
   76    0.84489968348683   0.84489968348683
   77    0.88144588953200   0.88144588953200
   78    0.88144589391727   0.88144589391727
   79    0.88144589597249   0.88144589597249
   80    0.90874505739192   0.90874505739192
   81    0.90874505751904   0.90874505751904
   82    0.90874506265417   0.90874506265417
   83    0.95770174797688   0.95770174797688
   84    0.95770178342840   0.95770178342840
   85    0.95770178580386   0.95770178580386
   86    1.09330561357367   1.09330561357367
   87    1.09929444508104   1.09929444508104
   88    1.09929446180549   1.09929446180549
   89    1.44820903791238   1.44820903791238
   90    1.44820905623325   1.44820905623325
   91    1.44820907234968   1.44820907234968
   92    1.54256576569042   1.54256576569042
   93    1.54256582674869   1.54256582674869
   94    1.81591872526271   1.81591872526271
   95    1.81591874138642   1.81591874138642
   96    1.81591886452138   1.81591886452138
   97    2.32965601994409   2.32965601994409
   98    3.53979982130265   3.53979982130265
   99    3.53979985027412   3.53979985027412
  100    3.53979987223656   3.53979987223656
  101    3.99100918083312   3.99100918083312
  102    3.99100920060601   3.99100920060601
  103    3.99100925497601   3.99100925497601
  104    4.25849169993229   4.25849169993229

   kloop=18
   k1=   0.25000 k2=   0.50000 k3=   0.00000

    1   -0.51381322565152  -0.51381322565152
    2   -0.51381322564832  -0.51381322564832
    3   -0.44827405942170  -0.44827405942170
    4   -0.44827405941618  -0.44827405941618
    5   -0.36478054957904  -0.36478054957904
    6   -0.36478054957800  -0.36478054957800
    7   -0.28099572309919  -0.28099572309919
    8   -0.28099572309282  -0.28099572309282
    9   -0.27845917618025  -0.27845917618025
   10   -0.27845917617856  -0.27845917617856
   11   -0.22269985445584  -0.22269985445584
   12   -0.22269985444855  -0.22269985444855
   13   -0.21789995139441  -0.21789995139441
   14   -0.21789995138711  -0.21789995138711
   15   -0.17546876389712  -0.17546876389712
   16   -0.17546876389385  -0.17546876389385
   17   -0.03090986904009  -0.03090986904009
   18   -0.03090986903634  -0.03090986903634
   19   -0.01420628063882  -0.01420628063882
   20   -0.01420628063029  -0.01420628063029
   21    0.02613733873957   0.02613733873957
   22    0.02613733874395   0.02613733874395
   23    0.04250135700077   0.04250135700077
   24    0.04250135700468   0.04250135700468
   25    0.04823424363743   0.04823424363743
   26    0.04823424364373   0.04823424364373
   27    0.07741011009317   0.07741011009317
   28    0.07741011010998   0.07741011010998
   29    0.08205180127290   0.08205180127290
   30    0.08205180127802   0.08205180127802
   31    0.14410655934543   0.14410655934543
   32    0.14410655936073   0.14410655936073
   33    0.17192585670283   0.17192585670283
   34    0.17192585673086   0.17192585673086
   35    0.17923612095888   0.17923612095888
   36    0.17923612096816   0.17923612096816
   37    0.23226065521791   0.23226065521791
   38    0.23226065524760   0.23226065524760
   39    0.27006387264183   0.27006387264183
   40    0.27006387264801   0.27006387264801
   41    0.33074265779838   0.33074265779838
   42    0.33074265780941   0.33074265780941
   43    0.41650751168330   0.41650751168330
   44    0.41650751169925   0.41650751169925
   45    0.42603657075630   0.42603657075630
   46    0.42603657080847   0.42603657080847
   47    0.43851092388720   0.43851092388720
   48    0.43851092395073   0.43851092395073
   49    0.48948852156091   0.48948852156091
   50    0.48948852156734   0.48948852156734
   51    0.49835035371865   0.49835035371865
   52    0.49835035373886   0.49835035373886
   53    0.50668252773089   0.50668252773089
   54    0.50668252790418   0.50668252790418
   55    0.52104218002523   0.52104218002523
   56    0.52104218003633   0.52104218003633
   57    0.57302659406208   0.57302659406208
   58    0.57302659410351   0.57302659410351
   59    0.57624185607463   0.57624185607463
   60    0.57624185634367   0.57624185634367
   61    0.60956834281414   0.60956834281414
   62    0.60956834295201   0.60956834295201
   63    0.62990709297069   0.62990709297069
   64    0.62990709309872   0.62990709309872
   65    0.64860423686211   0.64860423686211
   66    0.64860423691148   0.64860423691148
   67    0.66397924768744   0.66397924768744
   68    0.66397924794141   0.66397924794141
   69    0.68528356629397   0.68528356629397
   70    0.68528356671199   0.68528356671199
   71    0.72670917711941   0.72670917711941
   72    0.72670917746580   0.72670917746580
   73    0.79832487068752   0.79832487068752
   74    0.79832487221311   0.79832487221311
   75    0.86602265751802   0.86602265751802
   76    0.86602265769847   0.86602265769847
   77    0.87504749302886   0.87504749302886
   78    0.87504749395966   0.87504749395966
   79    0.89602920549641   0.89602920549641
   80    0.89602920653121   0.89602920653121
   81    0.94169113843465   0.94169113843465
   82    0.94169114061873   0.94169114061873
   83    0.95221802198169   0.95221802198169
   84    0.95221802232497   0.95221802232497
   85    0.98322126111019   0.98322126111019
   86    0.98322126150748   0.98322126150748
   87    1.20922662868408   1.20922662868408
   88    1.20922663473981   1.20922663473981
   89    1.44463189021211   1.44463189021211
   90    1.44463191394712   1.44463191394712
   91    1.57609871554419   1.57609871554419
   92    1.57609872144523   1.57609872144523
   93    1.71488938759281   1.71488938759281
   94    1.71488939950421   1.71488939950421
   95    1.80934351287479   1.80934351287479
   96    1.80934353885719   1.80934353885719
   97    3.12245854114760   3.12245854114760
   98    3.12245855838501   3.12245855838501
   99    3.61404304000814   3.61404304000814
  100    3.61404308703329   3.61404308703329
  101    3.80350403526010   3.80350403526010
  102    3.80350407367106   3.80350407367106
  103    4.19920658768991   4.19920658768991
  104    4.19920666473651   4.19920666473651

   kloop=19
   k1=   0.25000 k2=   0.50000 k3=   0.25000

    1   -0.50548720343737  -0.50548720343737
    2   -0.50548720343607  -0.50548720343607
    3   -0.45735720048808  -0.45735720048808
    4   -0.45735720047730  -0.45735720047730
    5   -0.37270211343932  -0.37270211343932
    6   -0.37270211343442  -0.37270211343442
    7   -0.31752027767182  -0.31752027767182
    8   -0.31752027766464  -0.31752027766464
    9   -0.24990711396827  -0.24990711396827
   10   -0.24990711396353  -0.24990711396353
   11   -0.20223366907966  -0.20223366907966
   12   -0.20223366907587  -0.20223366907587
   13   -0.19043050392003  -0.19043050392003
   14   -0.19043050391278  -0.19043050391278
   15   -0.18115258356211  -0.18115258356211
   16   -0.18115258355381  -0.18115258355381
   17   -0.03758138416368  -0.03758138416368
   18   -0.03758138414948  -0.03758138414948
   19   -0.00734596632762  -0.00734596632762
   20   -0.00734596631606  -0.00734596631606
   21   -0.00374439433335  -0.00374439433335
   22   -0.00374439433182  -0.00374439433182
   23    0.01406192837960   0.01406192837960
   24    0.01406192838374   0.01406192838374
   25    0.04344673266762   0.04344673266762
   26    0.04344673267156   0.04344673267156
   27    0.09241631472275   0.09241631472275
   28    0.09241631473378   0.09241631473378
   29    0.09857778336801   0.09857778336801
   30    0.09857778337224   0.09857778337224
   31    0.14690854737220   0.14690854737220
   32    0.14690854738034   0.14690854738034
   33    0.16274665892285   0.16274665892285
   34    0.16274665894786   0.16274665894786
   35    0.24088896511228   0.24088896511228
   36    0.24088896511795   0.24088896511795
   37    0.24799744375380   0.24799744375380
   38    0.24799744378990   0.24799744378990
   39    0.29043344438961   0.29043344438961
   40    0.29043344441406   0.29043344441406
   41    0.32371995461261   0.32371995461261
   42    0.32371995461836   0.32371995461836
   43    0.33772349219138   0.33772349219138
   44    0.33772349220045   0.33772349220045
   45    0.39284940041309   0.39284940041309
   46    0.39284940041788   0.39284940041788
   47    0.45848343070690   0.45848343070690
   48    0.45848343078101   0.45848343078101
   49    0.46057177765613   0.46057177765613
   50    0.46057177776663   0.46057177776663
   51    0.47311265966606   0.47311265966606
   52    0.47311265968148   0.47311265968148
   53    0.48211640238369   0.48211640238369
   54    0.48211640251165   0.48211640251165
   55    0.50043552584005   0.50043552584005
   56    0.50043552591787   0.50043552591787
   57    0.59368531674543   0.59368531674543
   58    0.59368531678835   0.59368531678835
   59    0.61915324907235   0.61915324907235
   60    0.61915324935549   0.61915324935549
   61    0.62440316789391   0.62440316789391
   62    0.62440316797851   0.62440316797851
   63    0.64291647204152   0.64291647204152
   64    0.64291647207730   0.64291647207730
   65    0.68221841354566   0.68221841354566
   66    0.68221841359230   0.68221841359230
   67    0.68489986723645   0.68489986723645
   68    0.68489986736795   0.68489986736795
   69    0.70166878842231   0.70166878842231
   70    0.70166878951783   0.70166878951783
   71    0.75971053822009   0.75971053822009
   72    0.75971053834923   0.75971053834923
   73    0.81290517565823   0.81290517565823
   74    0.81290517689205   0.81290517689205
   75    0.84306751232951   0.84306751232951
   76    0.84306751269162   0.84306751269162
   77    0.89323861694366   0.89323861694366
   78    0.89323862075716   0.89323862075716
   79    0.94261500127718   0.94261500127718
   80    0.94261500152666   0.94261500152666
   81    0.96605425177950   0.96605425177950
   82    0.96605425274736   0.96605425274736
   83    0.99052022147824   0.99052022147824
   84    0.99052022277339   0.99052022277339
   85    0.99770288855481   0.99770288855481
   86    0.99770288893417   0.99770288893417
   87    1.22699968943859   1.22699968943859
   88    1.22699969289270   1.22699969289270
   89    1.34487974648145   1.34487974648145
   90    1.34487975392826   1.34487975392826
   91    1.36391635658027   1.36391635658027
   92    1.36391636890755   1.36391636890755
   93    1.70234506540048   1.70234506540048
   94    1.70234507804455   1.70234507804455
   95    1.70786237170994   1.70786237170994
   96    1.70786238043155   1.70786238043155
   97    2.62349111391148   2.62349111391148
   98    2.62349113573219   2.62349113573219
   99    3.31725697853306   3.31725697853306
  100    3.31725703077030   3.31725703077030
  101    3.92806575654733   3.92806575654733
  102    3.92806580688823   3.92806580688823
  103    4.25265890074861   4.25265890074861
  104    4.25265896515850   4.25265896515850

   kloop=20
   k1=   0.25000 k2=   0.50000 k3=   0.50000

    1   -0.48289162231443  -0.48289162231443
    2   -0.48289162230725  -0.48289162230725
    3   -0.48289162230232  -0.48289162230232
    4   -0.48289162229377  -0.48289162229377
    5   -0.35766026671997  -0.35766026671997
    6   -0.35766026671893  -0.35766026671893
    7   -0.35766026671415  -0.35766026671415
    8   -0.35766026671076  -0.35766026671076
    9   -0.21343761020432  -0.21343761020432
   10   -0.21343761019871  -0.21343761019871
   11   -0.21343761019437  -0.21343761019437
   12   -0.21343761019120  -0.21343761019120
   13   -0.16937022813150  -0.16937022813150
   14   -0.16937022812623  -0.16937022812623
   15   -0.16937022812521  -0.16937022812521
   16   -0.16937022812206  -0.16937022812206
   17   -0.03354751561728  -0.03354751561728
   18   -0.03354751560591  -0.03354751560591
   19   -0.03354751558286  -0.03354751558286
   20   -0.03354751557292  -0.03354751557292
   21    0.01451447421480   0.01451447421480
   22    0.01451447421877   0.01451447421877
   23    0.01451447422073   0.01451447422073
   24    0.01451447422389   0.01451447422389
   25    0.02182652392492   0.02182652392492
   26    0.02182652393222   0.02182652393222
   27    0.02182652393544   0.02182652393544
   28    0.02182652393704   0.02182652393704
   29    0.19028019019320   0.19028019019320
   30    0.19028019021233   0.19028019021233
   31    0.19028019023937   0.19028019023937
   32    0.19028019026439   0.19028019026439
   33    0.19114694923065   0.19114694923065
   34    0.19114694923524   0.19114694923524
   35    0.19114694923823   0.19114694923823
   36    0.19114694924047   0.19114694924047
   37    0.24982160856292   0.24982160856292
   38    0.24982160860531   0.24982160860531
   39    0.24982160861052   0.24982160861052
   40    0.24982160862782   0.24982160862782
   41    0.35644986202311   0.35644986202311
   42    0.35644986203090   0.35644986203090
   43    0.35644986204241   0.35644986204241
   44    0.35644986205619   0.35644986205619
   45    0.39511477020502   0.39511477020502
   46    0.39511477023041   0.39511477023041
   47    0.39511477026068   0.39511477026068
   48    0.39511477029402   0.39511477029402
   49    0.43872309573780   0.43872309573780
   50    0.43872309575609   0.43872309575609
   51    0.43872309576460   0.43872309576460
   52    0.43872309577605   0.43872309577605
   53    0.48460495252550   0.48460495252550
   54    0.48460495260803   0.48460495260803
   55    0.48460495267354   0.48460495267354
   56    0.48460495273693   0.48460495273693
   57    0.61059908166964   0.61059908166964
   58    0.61059908228338   0.61059908228338
   59    0.61059908256178   0.61059908256178
   60    0.61059908275409   0.61059908275409
   61    0.67349929903185   0.67349929903185
   62    0.67349929905036   0.67349929905036
   63    0.67349929906822   0.67349929906822
   64    0.67349929908393   0.67349929908393
   65    0.69258616130453   0.69258616130453
   66    0.69258616154231   0.69258616154231
   67    0.69258616169090   0.69258616169090
   68    0.69258616177823   0.69258616177823
   69    0.74330676746939   0.74330676746939
   70    0.74330676836989   0.74330676836989
   71    0.74330676869812   0.74330676869812
   72    0.74330676945349   0.74330676945349
   73    0.85347470600975   0.85347470600975
   74    0.85347470670604   0.85347470670604
   75    0.85347470687998   0.85347470687998
   76    0.85347470735342   0.85347470735342
   77    0.97286710926087   0.97286710926087
   78    0.97286711134601   0.97286711134601
   79    0.97286711281116   0.97286711281116
   80    0.97286711374307   0.97286711374307
   81    1.03702292356683   1.03702292356683
   82    1.03702292549174   1.03702292549174
   83    1.03702292639323   1.03702292639323
   84    1.03702292732342   1.03702292732342
   85    1.07381413112334   1.07381413112334
   86    1.07381413167228   1.07381413167228
   87    1.07381413201916   1.07381413201916
   88    1.07381413217340   1.07381413217340
   89    1.39063876011786   1.39063876011786
   90    1.39063876593455   1.39063876593455
   91    1.39063876624914   1.39063876624914
   92    1.39063876992920   1.39063876992920
   93    1.39788080372395   1.39788080372395
   94    1.39788080841663   1.39788080841663
   95    1.39788081594825   1.39788081594825
   96    1.39788082503067   1.39788082503067
   97    2.56301037617999   2.56301037617999
   98    2.56301039972599   2.56301039972599
   99    2.56301040715356   2.56301040715356
  100    2.56301043192047   2.56301043192047
  101    4.21132890502790   4.21132890502790
  102    4.21132893802043   4.21132893802043
  103    4.21132895971317   4.21132895971317
  104    4.21132901025915   4.21132901025915

   kloop=21
   k1=   0.25000 k2=   0.50000 k3=   0.75000

    1   -0.50548720344263  -0.50548720344263
    2   -0.50548720343708  -0.50548720343708
    3   -0.45735720048602  -0.45735720048602
    4   -0.45735720048042  -0.45735720048042
    5   -0.37270211343889  -0.37270211343889
    6   -0.37270211343480  -0.37270211343480
    7   -0.31752027767334  -0.31752027767334
    8   -0.31752027766399  -0.31752027766399
    9   -0.24990711396916  -0.24990711396916
   10   -0.24990711396170  -0.24990711396170
   11   -0.20223366908178  -0.20223366908178
   12   -0.20223366907672  -0.20223366907672
   13   -0.19043050391909  -0.19043050391909
   14   -0.19043050391028  -0.19043050391028
   15   -0.18115258356131  -0.18115258356131
   16   -0.18115258355736  -0.18115258355736
   17   -0.03758138416292  -0.03758138416292
   18   -0.03758138414990  -0.03758138414990
   19   -0.00734596632338  -0.00734596632338
   20   -0.00734596631832  -0.00734596631832
   21   -0.00374439433372  -0.00374439433372
   22   -0.00374439433255  -0.00374439433255
   23    0.01406192837784   0.01406192837784
   24    0.01406192838115   0.01406192838115
   25    0.04344673266788   0.04344673266788
   26    0.04344673267449   0.04344673267449
   27    0.09241631472090   0.09241631472090
   28    0.09241631472817   0.09241631472817
   29    0.09857778336898   0.09857778336898
   30    0.09857778337785   0.09857778337785
   31    0.14690854737117   0.14690854737117
   32    0.14690854737907   0.14690854737907
   33    0.16274665890138   0.16274665890138
   34    0.16274665893917   0.16274665893917
   35    0.24088896510845   0.24088896510845
   36    0.24088896511632   0.24088896511632
   37    0.24799744375255   0.24799744375255
   38    0.24799744376684   0.24799744376684
   39    0.29043344437517   0.29043344437517
   40    0.29043344442473   0.29043344442473
   41    0.32371995461040   0.32371995461040
   42    0.32371995463677   0.32371995463677
   43    0.33772349219359   0.33772349219359
   44    0.33772349221416   0.33772349221416
   45    0.39284940039303   0.39284940039303
   46    0.39284940041209   0.39284940041209
   47    0.45848343072110   0.45848343072110
   48    0.45848343076182   0.45848343076182
   49    0.46057177762969   0.46057177762969
   50    0.46057177768136   0.46057177768136
   51    0.47311265965432   0.47311265965432
   52    0.47311265966821   0.47311265966821
   53    0.48211640248177   0.48211640248177
   54    0.48211640252871   0.48211640252871
   55    0.50043552583237   0.50043552583237
   56    0.50043552593721   0.50043552593721
   57    0.59368531671952   0.59368531671952
   58    0.59368531673642   0.59368531673642
   59    0.61915324913921   0.61915324913921
   60    0.61915324932278   0.61915324932278
   61    0.62440316782363   0.62440316782363
   62    0.62440316808095   0.62440316808095
   63    0.64291647204779   0.64291647204779
   64    0.64291647206930   0.64291647206930
   65    0.68221841353845   0.68221841353845
   66    0.68221841360270   0.68221841360270
   67    0.68489986717239   0.68489986717239
   68    0.68489986732984   0.68489986732984
   69    0.70166878824810   0.70166878824810
   70    0.70166878856364   0.70166878856364
   71    0.75971053815912   0.75971053815912
   72    0.75971053838504   0.75971053838504
   73    0.81290517537646   0.81290517537646
   74    0.81290517706626   0.81290517706626
   75    0.84306751225887   0.84306751225887
   76    0.84306751264907   0.84306751264907
   77    0.89323861694567   0.89323861694567
   78    0.89323862007565   0.89323862007565
   79    0.94261500120671   0.94261500120671
   80    0.94261500152399   0.94261500152399
   81    0.96605425127853   0.96605425127853
   82    0.96605425221525   0.96605425221525
   83    0.99052022161904   0.99052022161904
   84    0.99052022417439   0.99052022417439
   85    0.99770288862801   0.99770288862801
   86    0.99770288879212   0.99770288879212
   87    1.22699968840347   1.22699968840347
   88    1.22699969399034   1.22699969399034
   89    1.34487974933409   1.34487974933409
   90    1.34487975751404   1.34487975751404
   91    1.36391635547146   1.36391635547146
   92    1.36391636751723   1.36391636751723
   93    1.70234507357206   1.70234507357206
   94    1.70234509035554   1.70234509035554
   95    1.70786237043055   1.70786237043055
   96    1.70786237555189   1.70786237555189
   97    2.62349110257707   2.62349110257707
   98    2.62349113601637   2.62349113601637
   99    3.31725697634029   3.31725697634029
  100    3.31725702868823   3.31725702868823
  101    3.92806575667634   3.92806575667634
  102    3.92806582371936   3.92806582371936
  103    4.25265886416647   4.25265886416647
  104    4.25265897653758   4.25265897653758

   kloop=22
   k1=   0.25000 k2=   0.75000 k3=   0.00000

    1   -0.54264290340131  -0.54264290340131
    2   -0.46747348014696  -0.46747348014696
    3   -0.46747348013923  -0.46747348013923
    4   -0.42574878513837  -0.42574878513837
    5   -0.38892285572706  -0.38892285572706
    6   -0.34256376926802  -0.34256376926802
    7   -0.34256376926165  -0.34256376926165
    8   -0.28117470957459  -0.28117470957459
    9   -0.24652509564634  -0.24652509564634
   10   -0.24652509564396  -0.24652509564396
   11   -0.22430631104205  -0.22430631104205
   12   -0.22430631103649  -0.22430631103649
   13   -0.22185650185838  -0.22185650185838
   14   -0.21191023446928  -0.21191023446928
   15   -0.18286290780166  -0.18286290780166
   16   -0.13396316877611  -0.13396316877611
   17   -0.07693039608960  -0.07693039608960
   18   -0.04941045348919  -0.04941045348919
   19   -0.04941045348778  -0.04941045348778
   20   -0.01947738787630  -0.01947738787630
   21   -0.01947738785218  -0.01947738785218
   22   -0.00803988421093  -0.00803988421093
   23   -0.00659806014460  -0.00659806014460
   24    0.00338106306482   0.00338106306482
   25    0.03445791181073   0.03445791181073
   26    0.09331436699434   0.09331436699434
   27    0.09331436701353   0.09331436701353
   28    0.09385877158880   0.09385877158880
   29    0.12840263744572   0.12840263744572
   30    0.15879897690606   0.15879897690606
   31    0.17406859800680   0.17406859800680
   32    0.17406859804212   0.17406859804212
   33    0.17688610014824   0.17688610014824
   34    0.18882185706100   0.18882185706100
   35    0.18895492878278   0.18895492878278
   36    0.20219490596981   0.20219490596981
   37    0.26442859504321   0.26442859504321
   38    0.26442859508837   0.26442859508837
   39    0.26825426340195   0.26825426340195
   40    0.26825426343328   0.26825426343328
   41    0.33301874944620   0.33301874944620
   42    0.36562464270024   0.36562464270024
   43    0.36562464273181   0.36562464273181
   44    0.38841623890636   0.38841623890636
   45    0.38841623892854   0.38841623892854
   46    0.41987803315972   0.41987803315972
   47    0.42049062865505   0.42049062865505
   48    0.43413570763532   0.43413570763532
   49    0.45101608508823   0.45101608508823
   50    0.45101608513791   0.45101608513791
   51    0.46064207468077   0.46064207468077
   52    0.48046077036114   0.48046077036114
   53    0.49200263509535   0.49200263509535
   54    0.51660662477379   0.51660662477379
   55    0.54643501390100   0.54643501390100
   56    0.54643501406601   0.54643501406601
   57    0.54868462280473   0.54868462280473
   58    0.55557359806897   0.55557359806897
   59    0.55557359811526   0.55557359811526
   60    0.59667072724275   0.59667072724275
   61    0.62154425880457   0.62154425880457
   62    0.62611922753017   0.62611922753017
   63    0.62611922790166   0.62611922790166
   64    0.66145849011589   0.66145849011589
   65    0.66145849014143   0.66145849014143
   66    0.68042207434758   0.68042207434758
   67    0.68042207478297   0.68042207478297
   68    0.68411457424363   0.68411457424363
   69    0.71029146744148   0.71029146744148
   70    0.71574770685946   0.71574770685946
   71    0.74826500127306   0.74826500127306
   72    0.79388642794183   0.79388642794183
   73    0.79388642843169   0.79388642843169
   74    0.80292627064272   0.80292627064272
   75    0.80655192697371   0.80655192697371
   76    0.82090730579948   0.82090730579948
   77    0.82626945502290   0.82626945502290
   78    0.88488463032711   0.88488463032711
   79    0.88488463113773   0.88488463113773
   80    0.88730690610990   0.88730690610990
   81    0.89465747215246   0.89465747215246
   82    0.89465747362334   0.89465747362334
   83    0.90456288219929   0.90456288219929
   84    0.90606823608080   0.90606823608080
   85    0.90606823818712   0.90606823818712
   86    1.00736666465782   1.00736666465782
   87    1.05367908881372   1.05367908881372
   88    1.28708688743548   1.28708688743548
   89    1.35155502519510   1.35155502519510
   90    1.48312088116851   1.48312088116851
   91    1.61212634172256   1.61212634172256
   92    1.61212635249768   1.61212635249768
   93    1.78919260489578   1.78919260489578
   94    1.83708699739921   1.83708699739921
   95    1.83708700731688   1.83708700731688
   96    1.90039421140691   1.90039421140691
   97    2.61567371047532   2.61567371047532
   98    3.63284851978028   3.63284851978028
   99    3.63284853119472   3.63284853119472
  100    3.81426889377277   3.81426889377277
  101    3.92943486987469   3.92943486987469
  102    4.04612569312286   4.04612569312286
  103    4.04612571842818   4.04612571842818
  104    4.18511514680445   4.18511514680445

   kloop=23
   k1=   0.25000 k2=   0.75000 k3=   0.25000

    1   -0.53314872821925  -0.53314872821925
    2   -0.46291414173445  -0.46291414173445
    3   -0.46291414171663  -0.46291414171663
    4   -0.46291414171100  -0.46291414171100
    5   -0.35788921545926  -0.35788921545926
    6   -0.35788921545511  -0.35788921545511
    7   -0.35788921541888  -0.35788921541888
    8   -0.26759362861422  -0.26759362861422
    9   -0.25300290758132  -0.25300290758132
   10   -0.25300290756312  -0.25300290756312
   11   -0.25300290755701  -0.25300290755701
   12   -0.20383737364951  -0.20383737364951
   13   -0.20383737364633  -0.20383737364633
   14   -0.20383737337708  -0.20383737337708
   15   -0.15091425298131  -0.15091425298131
   16   -0.15091425290351  -0.15091425290351
   17   -0.06495706307115  -0.06495706307115
   18   -0.06495706306063  -0.06495706306063
   19   -0.06495706081208  -0.06495706081208
   20   -0.04474901221424  -0.04474901221424
   21    0.00736765557458   0.00736765557458
   22    0.00736765681368   0.00736765681368
   23    0.04804268572371   0.04804268572371
   24    0.04804268573128   0.04804268573128
   25    0.04804268898318   0.04804268898318
   26    0.09284776247823   0.09284776247823
   27    0.09284776249554   0.09284776249554
   28    0.09284776275761   0.09284776275761
   29    0.09929771038577   0.09929771038577
   30    0.09929771213164   0.09929771213164
   31    0.09929771214557   0.09929771214557
   32    0.14532333943794   0.14532333943794
   33    0.16027252531713   0.16027252531713
   34    0.16027252772590   0.16027252772590
   35    0.26856032768684   0.26856032768684
   36    0.26856032774781   0.26856032774781
   37    0.26856032837192   0.26856032837192
   38    0.27975720206664   0.27975720206664
   39    0.27975720299642   0.27975720299642
   40    0.27975720302633   0.27975720302633
   41    0.35194141157853   0.35194141157853
   42    0.35427717194859   0.35427717194859
   43    0.35427717197022   0.35427717197022
   44    0.35427717222304   0.35427717222304
   45    0.35938892353984   0.35938892353984
   46    0.35938892358716   0.35938892358716
   47    0.35938892359686   0.35938892359686
   48    0.40744874580714   0.40744874580714
   49    0.46853090176333   0.46853090176333
   50    0.46853090447073   0.46853090447073
   51    0.49359034433872   0.49359034433872
   52    0.49359037043833   0.49359037043833
   53    0.49359037063275   0.49359037063275
   54    0.54220079302203   0.54220079302203
   55    0.54220079672217   0.54220079672217
   56    0.54220079687708   0.54220079687708
   57    0.58318466929188   0.58318466929188
   58    0.58318466937262   0.58318466937262
   59    0.58318467785588   0.58318467785588
   60    0.58594069892501   0.58594069892501
   61    0.58594070202054   0.58594070202054
   62    0.58594070204378   0.58594070204378
   63    0.65040627599414   0.65040627599414
   64    0.65040628547724   0.65040628547724
   65    0.65040628584682   0.65040628584682
   66    0.68241935841365   0.68241935841365
   67    0.68241937352828   0.68241937352828
   68    0.74156980622609   0.74156980622609
   69    0.74156980692136   0.74156980692136
   70    0.74156981433744   0.74156981433744
   71    0.77227851952337   0.77227851952337
   72    0.77537723194755   0.77537723194755
   73    0.77537723223987   0.77537723223987
   74    0.77537723277533   0.77537723277533
   75    0.84489966572593   0.84489966572593
   76    0.84489968395216   0.84489968395216
   77    0.88144589083475   0.88144589083475
   78    0.88144589436954   0.88144589436954
   79    0.88144589618213   0.88144589618213
   80    0.90874505720422   0.90874505720422
   81    0.90874505778479   0.90874505778479
   82    0.90874506272091   0.90874506272091
   83    0.95770174988370   0.95770174988370
   84    0.95770178396035   0.95770178396035
   85    0.95770178629249   0.95770178629249
   86    1.09330561498722   1.09330561498722
   87    1.09929444519756   1.09929444519756
   88    1.09929446116782   1.09929446116782
   89    1.44820903575382   1.44820903575382
   90    1.44820905908793   1.44820905908793
   91    1.44820907229416   1.44820907229416
   92    1.54256576474305   1.54256576474305
   93    1.54256582664893   1.54256582664893
   94    1.81591872412786   1.81591872412786
   95    1.81591874286866   1.81591874286866
   96    1.81591886239774   1.81591886239774
   97    2.32965603434358   2.32965603434358
   98    3.53979982870819   3.53979982870819
   99    3.53979985630130   3.53979985630130
  100    3.53979987341593   3.53979987341593
  101    3.99100920272413   3.99100920272413
  102    3.99100923230792   3.99100923230792
  103    3.99100926476069   3.99100926476069
  104    4.25849175751499   4.25849175751499

   kloop=24
   k1=   0.25000 k2=   0.75000 k3=   0.50000

    1   -0.50548720346067  -0.50548720346067
    2   -0.50548720345142  -0.50548720345142
    3   -0.45735720048894  -0.45735720048894
    4   -0.45735720048548  -0.45735720048548
    5   -0.37270211344752  -0.37270211344752
    6   -0.37270211344575  -0.37270211344575
    7   -0.31752027763770  -0.31752027763770
    8   -0.31752027763438  -0.31752027763438
    9   -0.24990711396341  -0.24990711396341
   10   -0.24990711395762  -0.24990711395762
   11   -0.20223366905538  -0.20223366905538
   12   -0.20223366905354  -0.20223366905354
   13   -0.19043050380316  -0.19043050380316
   14   -0.19043050380100  -0.19043050380100
   15   -0.18115258344711  -0.18115258344711
   16   -0.18115258344437  -0.18115258344437
   17   -0.03758138287859  -0.03758138287859
   18   -0.03758138287065  -0.03758138287065
   19   -0.00734596571726  -0.00734596571726
   20   -0.00734596571531  -0.00734596571531
   21   -0.00374439660857  -0.00374439660857
   22   -0.00374439660774  -0.00374439660774
   23    0.01406192892411   0.01406192892411
   24    0.01406192892951   0.01406192892951
   25    0.04344673115977   0.04344673115977
   26    0.04344673116291   0.04344673116291
   27    0.09241631757513   0.09241631757513
   28    0.09241631758845   0.09241631758845
   29    0.09857778433921   0.09857778433921
   30    0.09857778434951   0.09857778434951
   31    0.14690854544828   0.14690854544828
   32    0.14690854546419   0.14690854546419
   33    0.16274665846878   0.16274665846878
   34    0.16274665850601   0.16274665850601
   35    0.24088896328834   0.24088896328834
   36    0.24088896329295   0.24088896329295
   37    0.24799744293550   0.24799744293550
   38    0.24799744295729   0.24799744295729
   39    0.29043344649471   0.29043344649471
   40    0.29043344651497   0.29043344651497
   41    0.32371995449550   0.32371995449550
   42    0.32371995451410   0.32371995451410
   43    0.33772349388220   0.33772349388220
   44    0.33772349388693   0.33772349388693
   45    0.39284940150469   0.39284940150469
   46    0.39284940151677   0.39284940151677
   47    0.45848342811593   0.45848342811593
   48    0.45848342822950   0.45848342822950
   49    0.46057179431578   0.46057179431578
   50    0.46057179438991   0.46057179438991
   51    0.47311265964950   0.47311265964950
   52    0.47311265967966   0.47311265967966
   53    0.48211640698615   0.48211640698615
   54    0.48211640702813   0.48211640702813
   55    0.50043551359448   0.50043551359448
   56    0.50043551370289   0.50043551370289
   57    0.59368532198023   0.59368532198023
   58    0.59368532203990   0.59368532203990
   59    0.61915325489819   0.61915325489819
   60    0.61915325521250   0.61915325521250
   61    0.62440317123508   0.62440317123508
   62    0.62440317134959   0.62440317134959
   63    0.64291646500352   0.64291646500352
   64    0.64291646508977   0.64291646508977
   65    0.68221840262423   0.68221840262423
   66    0.68221840275037   0.68221840275037
   67    0.68489986238373   0.68489986238373
   68    0.68489986255943   0.68489986255943
   69    0.70166878563856   0.70166878563856
   70    0.70166878685461   0.70166878685461
   71    0.75971054998960   0.75971054998960
   72    0.75971055016176   0.75971055016176
   73    0.81290515979726   0.81290515979726
   74    0.81290516114656   0.81290516114656
   75    0.84306750878843   0.84306750878843
   76    0.84306750905490   0.84306750905490
   77    0.89323859152078   0.89323859152078
   78    0.89323859365660   0.89323859365660
   79    0.94261499191558   0.94261499191558
   80    0.94261499200443   0.94261499200443
   81    0.96605426075481   0.96605426075481
   82    0.96605426226842   0.96605426226842
   83    0.99052020372001   0.99052020372001
   84    0.99052020648014   0.99052020648014
   85    0.99770289547209   0.99770289547209
   86    0.99770289563309   0.99770289563309
   87    1.22699963787922   1.22699963787922
   88    1.22699964373380   1.22699964373380
   89    1.34487973134459   1.34487973134459
   90    1.34487973570718   1.34487973570718
   91    1.36391637796608   1.36391637796608
   92    1.36391638952985   1.36391638952985
   93    1.70234507610414   1.70234507610414
   94    1.70234510273539   1.70234510273539
   95    1.70786245780315   1.70786245780315
   96    1.70786246975603   1.70786246975603
   97    2.62349107978731   2.62349107978731
   98    2.62349111395725   2.62349111395725
   99    3.31725697912790   3.31725697912790
  100    3.31725700494570   3.31725700494570
  101    3.92806579973963   3.92806579973963
  102    3.92806583554369   3.92806583554369
  103    4.25265888374960   4.25265888374960
  104    4.25265894490145   4.25265894490145

   kloop=25
   k1=   0.25000 k2=   0.75000 k3=   0.75000

    1   -0.53314872822152  -0.53314872822152
    2   -0.46291414173050  -0.46291414173050
    3   -0.46291414171815  -0.46291414171815
    4   -0.46291414171561  -0.46291414171561
    5   -0.35788921545942  -0.35788921545942
    6   -0.35788921545613  -0.35788921545613
    7   -0.35788921541856  -0.35788921541856
    8   -0.26759362861649  -0.26759362861649
    9   -0.25300290758019  -0.25300290758019
   10   -0.25300290756297  -0.25300290756297
   11   -0.25300290755980  -0.25300290755980
   12   -0.20383737365106  -0.20383737365106
   13   -0.20383737364164  -0.20383737364164
   14   -0.20383737337773  -0.20383737337773
   15   -0.15091425298001  -0.15091425298001
   16   -0.15091425290479  -0.15091425290479
   17   -0.06495706306798  -0.06495706306798
   18   -0.06495706306288  -0.06495706306288
   19   -0.06495706080907  -0.06495706080907
   20   -0.04474901221067  -0.04474901221067
   21    0.00736765557518   0.00736765557518
   22    0.00736765681287   0.00736765681287
   23    0.04804268571516   0.04804268571516
   24    0.04804268573180   0.04804268573180
   25    0.04804268897173   0.04804268897173
   26    0.09284776247895   0.09284776247895
   27    0.09284776248906   0.09284776248906
   28    0.09284776275939   0.09284776275939
   29    0.09929771038965   0.09929771038965
   30    0.09929771213621   0.09929771213621
   31    0.09929771214129   0.09929771214129
   32    0.14532333943446   0.14532333943446
   33    0.16027252531624   0.16027252531624
   34    0.16027252772090   0.16027252772090
   35    0.26856032771152   0.26856032771152
   36    0.26856032774748   0.26856032774748
   37    0.26856032843239   0.26856032843239
   38    0.27975720207197   0.27975720207197
   39    0.27975720299675   0.27975720299675
   40    0.27975720303023   0.27975720303023
   41    0.35194141157357   0.35194141157357
   42    0.35427717195134   0.35427717195134
   43    0.35427717197424   0.35427717197424
   44    0.35427717222907   0.35427717222907
   45    0.35938892354572   0.35938892354572
   46    0.35938892356774   0.35938892356774
   47    0.35938892361101   0.35938892361101
   48    0.40744874574882   0.40744874574882
   49    0.46853090174353   0.46853090174353
   50    0.46853090449448   0.46853090449448
   51    0.49359034444073   0.49359034444073
   52    0.49359037054673   0.49359037054673
   53    0.49359037058107   0.49359037058107
   54    0.54220079307781   0.54220079307781
   55    0.54220079675686   0.54220079675686
   56    0.54220079686614   0.54220079686614
   57    0.58318466929512   0.58318466929512
   58    0.58318466938072   0.58318466938072
   59    0.58318467786882   0.58318467786882
   60    0.58594069891118   0.58594069891118
   61    0.58594070200882   0.58594070200882
   62    0.58594070204095   0.58594070204095
   63    0.65040627637800   0.65040627637800
   64    0.65040628541154   0.65040628541154
   65    0.65040628589053   0.65040628589053
   66    0.68241935839512   0.68241935839512
   67    0.68241937354204   0.68241937354204
   68    0.74156980579616   0.74156980579616
   69    0.74156980673941   0.74156980673941
   70    0.74156981448837   0.74156981448837
   71    0.77227851913543   0.77227851913543
   72    0.77537723162587   0.77537723162587
   73    0.77537723223854   0.77537723223854
   74    0.77537723329998   0.77537723329998
   75    0.84489966648902   0.84489966648902
   76    0.84489968349523   0.84489968349523
   77    0.88144589219192   0.88144589219192
   78    0.88144589444494   0.88144589444494
   79    0.88144589506143   0.88144589506143
   80    0.90874505726783   0.90874505726783
   81    0.90874505760865   0.90874505760865
   82    0.90874506260615   0.90874506260615
   83    0.95770175057530   0.95770175057530
   84    0.95770178434215   0.95770178434215
   85    0.95770178581383   0.95770178581383
   86    1.09330561434782   1.09330561434782
   87    1.09929444538334   1.09929444538334
   88    1.09929446147165   1.09929446147165
   89    1.44820904997533   1.44820904997533
   90    1.44820905724702   1.44820905724702
   91    1.44820907509209   1.44820907509209
   92    1.54256576483710   1.54256576483710
   93    1.54256582537937   1.54256582537937
   94    1.81591873366969   1.81591873366969
   95    1.81591874281115   1.81591874281115
   96    1.81591886503929   1.81591886503929
   97    2.32965602377658   2.32965602377658
   98    3.53979984840642   3.53979984840642
   99    3.53979985489190   3.53979985489190
  100    3.53979987013927   3.53979987013927
  101    3.99100922303836   3.99100922303836
  102    3.99100923108810   3.99100923108810
  103    3.99100924561886   3.99100924561886
  104    4.25849169510287   4.25849169510287

   kloop=26
   k1=   0.50000 k2=  -0.00000 k3=   0.00000

    1   -0.52287323176130  -0.52287323176130
    2   -0.52287323174627  -0.52287323174627
    3   -0.40457439369252  -0.40457439369252
    4   -0.40457439368517  -0.40457439368517
    5   -0.40457439368411  -0.40457439368411
    6   -0.40457439368075  -0.40457439368075
    7   -0.26461859122762  -0.26461859122762
    8   -0.26461859122651  -0.26461859122651
    9   -0.26461859122456  -0.26461859122456
   10   -0.26461859122317  -0.26461859122317
   11   -0.25271104891691  -0.25271104891691
   12   -0.25271104891241  -0.25271104891241
   13   -0.19235311539675  -0.19235311539675
   14   -0.19235311539507  -0.19235311539507
   15   -0.19235311537760  -0.19235311537760
   16   -0.19235311535204  -0.19235311535204
   17   -0.08011528067067  -0.08011528067067
   18   -0.08011528066316  -0.08011528066316
   19    0.00570928283756   0.00570928283756
   20    0.00570928285501   0.00570928285501
   21    0.03841767381197   0.03841767381197
   22    0.03841767381263   0.03841767381263
   23    0.03841767381570   0.03841767381570
   24    0.03841767381941   0.03841767381941
   25    0.06817833428003   0.06817833428003
   26    0.06817833428887   0.06817833428887
   27    0.06817833429152   0.06817833429152
   28    0.06817833429318   0.06817833429318
   29    0.09050321188048   0.09050321188048
   30    0.09050321193141   0.09050321193141
   31    0.09050321202011   0.09050321202011
   32    0.09050321207302   0.09050321207302
   33    0.18671976730946   0.18671976730946
   34    0.18671976735480   0.18671976735480
   35    0.21755869057079   0.21755869057079
   36    0.21755869057397   0.21755869057397
   37    0.27104422529735   0.27104422529735
   38    0.27104422530247   0.27104422530247
   39    0.27104422530599   0.27104422530599
   40    0.27104422535400   0.27104422535400
   41    0.35568114989254   0.35568114989254
   42    0.35568114996007   0.35568114996007
   43    0.38778554828334   0.38778554828334
   44    0.38778554832455   0.38778554832455
   45    0.38778554833432   0.38778554833432
   46    0.38778554838900   0.38778554838900
   47    0.41971896290008   0.41971896290008
   48    0.41971896297296   0.41971896297296
   49    0.41971896298275   0.41971896298275
   50    0.41971896303461   0.41971896303461
   51    0.55031292866101   0.55031292866101
   52    0.55031292873308   0.55031292873308
   53    0.57862110284509   0.57862110284509
   54    0.57862110289957   0.57862110289957
   55    0.57862110293333   0.57862110293333
   56    0.57862110296004   0.57862110296004
   57    0.59408860874419   0.59408860874419
   58    0.59408860875798   0.59408860875798
   59    0.59408860878000   0.59408860878000
   60    0.59408860881691   0.59408860881691
   61    0.62668944869227   0.62668944869227
   62    0.62668944870949   0.62668944870949
   63    0.62787769192181   0.62787769192181
   64    0.62787769197358   0.62787769197358
   65    0.62787769201640   0.62787769201640
   66    0.62787769217915   0.62787769217915
   67    0.64735337701380   0.64735337701380
   68    0.64735337753677   0.64735337753677
   69    0.64735337839454   0.64735337839454
   70    0.64735337858162   0.64735337858162
   71    0.68609802028179   0.68609802028179
   72    0.68609802071588   0.68609802071588
   73    0.82090699325836   0.82090699325836
   74    0.82090699382145   0.82090699382145
   75    0.82090699407045   0.82090699407045
   76    0.82090699525251   0.82090699525251
   77    0.85416785523389   0.85416785523389
   78    0.85416785535203   0.85416785535203
   79    0.85416785568398   0.85416785568398
   80    0.85416785597671   0.85416785597671
   81    0.89116812415918   0.89116812415918
   82    0.89116812481800   0.89116812481800
   83    0.96651137695036   0.96651137695036
   84    0.96651137730069   0.96651137730069
   85    0.96651137804554   0.96651137804554
   86    0.96651137853178   0.96651137853178
   87    1.17475579769875   1.17475579769875
   88    1.17475580156974   1.17475580156974
   89    1.70837130987491   1.70837130987491
   90    1.70837131379710   1.70837131379710
   91    1.70837132734392   1.70837132734392
   92    1.70837135182569   1.70837135182569
   93    1.99847734315763   1.99847734315763
   94    1.99847742135242   1.99847742135242
   95    1.99847742583970   1.99847742583970
   96    1.99847748173372   1.99847748173372
   97    2.97225472551318   2.97225472551318
   98    2.97225473459942   2.97225473459942
   99    3.68114854850184   3.68114854850184
  100    3.68114856464548   3.68114856464548
  101    3.68114857059247   3.68114857059247
  102    3.68114857616197   3.68114857616197
  103    4.11596011084729   4.11596011084729
  104    4.11596012485923   4.11596012485923

   kloop=27
   k1=   0.50000 k2=  -0.00000 k3=   0.25000

    1   -0.51381322565192  -0.51381322565192
    2   -0.51381322564419  -0.51381322564419
    3   -0.44827405943630  -0.44827405943630
    4   -0.44827405943236  -0.44827405943236
    5   -0.36478054955429  -0.36478054955429
    6   -0.36478054954887  -0.36478054954887
    7   -0.28099572312955  -0.28099572312955
    8   -0.28099572312591  -0.28099572312591
    9   -0.27845917608881  -0.27845917608881
   10   -0.27845917607528  -0.27845917607528
   11   -0.22269985444367  -0.22269985444367
   12   -0.22269985442928  -0.22269985442928
   13   -0.21789995143220  -0.21789995143220
   14   -0.21789995140679  -0.21789995140679
   15   -0.17546876379741  -0.17546876379741
   16   -0.17546876375916  -0.17546876375916
   17   -0.03090986870796  -0.03090986870796
   18   -0.03090986869267  -0.03090986869267
   19   -0.01420628331027  -0.01420628331027
   20   -0.01420628330192  -0.01420628330192
   21    0.02613733963937   0.02613733963937
   22    0.02613733965497   0.02613733965497
   23    0.04250135438085   0.04250135438085
   24    0.04250135438962   0.04250135438962
   25    0.04823424630916   0.04823424630916
   26    0.04823424632336   0.04823424632336
   27    0.07741011347892   0.07741011347892
   28    0.07741011348997   0.07741011348997
   29    0.08205180158375   0.08205180158375
   30    0.08205180163230   0.08205180163230
   31    0.14410655669646   0.14410655669646
   32    0.14410655673103   0.14410655673103
   33    0.17192585681017   0.17192585681017
   34    0.17192585683863   0.17192585683863
   35    0.17923612170078   0.17923612170078
   36    0.17923612170773   0.17923612170773
   37    0.23226065199333   0.23226065199333
   38    0.23226065201249   0.23226065201249
   39    0.27006387123438   0.27006387123438
   40    0.27006387124998   0.27006387124998
   41    0.33074265616473   0.33074265616473
   42    0.33074265621976   0.33074265621976
   43    0.41650751150930   0.41650751150930
   44    0.41650751156561   0.41650751156561
   45    0.42603657541302   0.42603657541302
   46    0.42603657551196   0.42603657551196
   47    0.43851092879562   0.43851092879562
   48    0.43851092889447   0.43851092889447
   49    0.48948852349857   0.48948852349857
   50    0.48948852358274   0.48948852358274
   51    0.49835034755044   0.49835034755044
   52    0.49835034762341   0.49835034762341
   53    0.50668255361206   0.50668255361206
   54    0.50668255380770   0.50668255380770
   55    0.52104218468784   0.52104218468784
   56    0.52104218488998   0.52104218488998
   57    0.57302659604975   0.57302659604975
   58    0.57302659612860   0.57302659612860
   59    0.57624183477109   0.57624183477109
   60    0.57624183493782   0.57624183493782
   61    0.60956835782202   0.60956835782202
   62    0.60956835793777   0.60956835793777
   63    0.62990709215371   0.62990709215371
   64    0.62990709306749   0.62990709306749
   65    0.64860423986403   0.64860423986403
   66    0.64860423998542   0.64860423998542
   67    0.66397923542930   0.66397923542930
   68    0.66397923625678   0.66397923625678
   69    0.68528355576765   0.68528355576765
   70    0.68528355596277   0.68528355596277
   71    0.72670915644928   0.72670915644928
   72    0.72670915730853   0.72670915730853
   73    0.79832488642189   0.79832488642189
   74    0.79832488799797   0.79832488799797
   75    0.86602265248690   0.86602265248690
   76    0.86602265344550   0.86602265344550
   77    0.87504751726348   0.87504751726348
   78    0.87504751801046   0.87504751801046
   79    0.89602919638729   0.89602919638729
   80    0.89602919699950   0.89602919699950
   81    0.94169112474521   0.94169112474521
   82    0.94169112628779   0.94169112628779
   83    0.95221802440729   0.95221802440729
   84    0.95221802538175   0.95221802538175
   85    0.98322125903259   0.98322125903259
   86    0.98322125924050   0.98322125924050
   87    1.20922661880750   1.20922661880750
   88    1.20922662150678   1.20922662150678
   89    1.44463194560044   1.44463194560044
   90    1.44463195608465   1.44463195608465
   91    1.57609869941751   1.57609869941751
   92    1.57609870768184   1.57609870768184
   93    1.71488939592144   1.71488939592144
   94    1.71488940688260   1.71488940688260
   95    1.80934342330580   1.80934342330580
   96    1.80934344600093   1.80934344600093
   97    3.12245850606017   3.12245850606017
   98    3.12245854341396   3.12245854341396
   99    3.61404300225833   3.61404300225833
  100    3.61404304364052   3.61404304364052
  101    3.80350404916932   3.80350404916932
  102    3.80350408105216   3.80350408105216
  103    4.19920661872251   4.19920661872251
  104    4.19920663553472   4.19920663553472

   kloop=28
   k1=   0.50000 k2=  -0.00000 k3=   0.50000

    1   -0.48764381738114  -0.48764381738114
    2   -0.48764381737058  -0.48764381737058
    3   -0.48764381736319  -0.48764381736319
    4   -0.48764381736155  -0.48764381736155
    5   -0.32475859309420  -0.32475859309420
    6   -0.32475859309101  -0.32475859309101
    7   -0.32475859308683  -0.32475859308683
    8   -0.32475859308318  -0.32475859308318
    9   -0.26101059439671  -0.26101059439671
   10   -0.26101059439289  -0.26101059439289
   11   -0.26101059438698  -0.26101059438698
   12   -0.26101059437967  -0.26101059437967
   13   -0.17177595515435  -0.17177595515435
   14   -0.17177595514944  -0.17177595514944
   15   -0.17177595513382  -0.17177595513382
   16   -0.17177595512435  -0.17177595512435
   17   -0.02988569074639  -0.02988569074639
   18   -0.02988569074434  -0.02988569074434
   19   -0.02988569073675  -0.02988569073675
   20   -0.02988569073307  -0.02988569073307
   21    0.05661193194770   0.05661193194770
   22    0.05661193196254   0.05661193196254
   23    0.05661193197551   0.05661193197551
   24    0.05661193198687   0.05661193198687
   25    0.06985831340140   0.06985831340140
   26    0.06985831340589   0.06985831340589
   27    0.06985831340892   0.06985831340892
   28    0.06985831341485   0.06985831341485
   29    0.11825773285166   0.11825773285166
   30    0.11825773287597   0.11825773287597
   31    0.11825773289806   0.11825773289806
   32    0.11825773292070   0.11825773292070
   33    0.12767089242711   0.12767089242711
   34    0.12767089243030   0.12767089243030
   35    0.12767089243521   0.12767089243521
   36    0.12767089243797   0.12767089243797
   37    0.24541950348603   0.24541950348603
   38    0.24541950351490   0.24541950351490
   39    0.24541950357067   0.24541950357067
   40    0.24541950359582   0.24541950359582
   41    0.38078501045333   0.38078501045333
   42    0.38078501045551   0.38078501045551
   43    0.38078501054820   0.38078501054820
   44    0.38078501057733   0.38078501057733
   45    0.43980342337645   0.43980342337645
   46    0.43980342340732   0.43980342340732
   47    0.43980342349470   0.43980342349470
   48    0.43980342359193   0.43980342359193
   49    0.49464213899424   0.49464213899424
   50    0.49464213910338   0.49464213910338
   51    0.49464213917330   0.49464213917330
   52    0.49464213926281   0.49464213926281
   53    0.52725201942748   0.52725201942748
   54    0.52725201946288   0.52725201946288
   55    0.52725201949768   0.52725201949768
   56    0.52725201950813   0.52725201950813
   57    0.54286513206386   0.54286513206386
   58    0.54286513210224   0.54286513210224
   59    0.54286513213153   0.54286513213153
   60    0.54286513219771   0.54286513219771
   61    0.60904499780548   0.60904499780548
   62    0.60904499784545   0.60904499784545
   63    0.60904499796534   0.60904499796534
   64    0.60904499801014   0.60904499801014
   65    0.65421935045814   0.65421935045814
   66    0.65421935090238   0.65421935090238
   67    0.65421935141515   0.65421935141515
   68    0.65421935205546   0.65421935205546
   69    0.72824243992334   0.72824243992334
   70    0.72824244039314   0.72824244039314
   71    0.72824244105022   0.72824244105022
   72    0.72824244127415   0.72824244127415
   73    0.88238404239372   0.88238404239372
   74    0.88238404358016   0.88238404358016
   75    0.88238404534711   0.88238404534711
   76    0.88238404590557   0.88238404590557
   77    0.91449968712447   0.91449968712447
   78    0.91449968886502   0.91449968886502
   79    0.91449969076481   0.91449969076481
   80    0.91449969325235   0.91449969325235
   81    0.98973697156775   0.98973697156775
   82    0.98973697241493   0.98973697241493
   83    0.98973697310499   0.98973697310499
   84    0.98973697348305   0.98973697348305
   85    1.03318730275862   1.03318730275862
   86    1.03318730303136   1.03318730303136
   87    1.03318730308578   1.03318730308578
   88    1.03318730385380   1.03318730385380
   89    1.47266819756901   1.47266819756901
   90    1.47266821337090   1.47266821337090
   91    1.47266823250476   1.47266823250476
   92    1.47266823312716   1.47266823312716
   93    1.55049654659997   1.55049654659997
   94    1.55049654836689   1.55049654836689
   95    1.55049655302347   1.55049655302347
   96    1.55049656665257   1.55049656665257
   97    3.36842623630128   3.36842623630128
   98    3.36842626060486   3.36842626060486
   99    3.36842628167586   3.36842628167586
  100    3.36842628436791   3.36842628436791
  101    4.07267170863061   4.07267170863061
  102    4.07267178153567   4.07267178153567
  103    4.07267180471104   4.07267180471104
  104    4.07267181543231   4.07267181543231

   kloop=29
   k1=   0.50000 k2=   0.25000 k3=   0.00000

    1   -0.51381322565959  -0.51381322565959
    2   -0.51381322564231  -0.51381322564231
    3   -0.44827405942046  -0.44827405942046
    4   -0.44827405941683  -0.44827405941683
    5   -0.36478054958118  -0.36478054958118
    6   -0.36478054957649  -0.36478054957649
    7   -0.28099572309868  -0.28099572309868
    8   -0.28099572309395  -0.28099572309395
    9   -0.27845917618783  -0.27845917618783
   10   -0.27845917617328  -0.27845917617328
   11   -0.22269985446273  -0.22269985446273
   12   -0.22269985444428  -0.22269985444428
   13   -0.21789995140334  -0.21789995140334
   14   -0.21789995137750  -0.21789995137750
   15   -0.17546876391689  -0.17546876391689
   16   -0.17546876387161  -0.17546876387161
   17   -0.03090986904862  -0.03090986904862
   18   -0.03090986903126  -0.03090986903126
   19   -0.01420628064121  -0.01420628064121
   20   -0.01420628062710  -0.01420628062710
   21    0.02613733873314   0.02613733873314
   22    0.02613733875095   0.02613733875095
   23    0.04250135699694   0.04250135699694
   24    0.04250135700915   0.04250135700915
   25    0.04823424363316   0.04823424363316
   26    0.04823424365564   0.04823424365564
   27    0.07741011009116   0.07741011009116
   28    0.07741011011148   0.07741011011148
   29    0.08205180125371   0.08205180125371
   30    0.08205180129797   0.08205180129797
   31    0.14410655934765   0.14410655934765
   32    0.14410655936062   0.14410655936062
   33    0.17192585671490   0.17192585671490
   34    0.17192585673216   0.17192585673216
   35    0.17923612096012   0.17923612096012
   36    0.17923612097551   0.17923612097551
   37    0.23226065522638   0.23226065522638
   38    0.23226065526205   0.23226065526205
   39    0.27006387262373   0.27006387262373
   40    0.27006387266967   0.27006387266967
   41    0.33074265776816   0.33074265776816
   42    0.33074265781770   0.33074265781770
   43    0.41650751167897   0.41650751167897
   44    0.41650751171962   0.41650751171962
   45    0.42603657077693   0.42603657077693
   46    0.42603657082479   0.42603657082479
   47    0.43851092388243   0.43851092388243
   48    0.43851092400409   0.43851092400409
   49    0.48948852153002   0.48948852153002
   50    0.48948852159275   0.48948852159275
   51    0.49835035369174   0.49835035369174
   52    0.49835035375327   0.49835035375327
   53    0.50668252779181   0.50668252779181
   54    0.50668252788768   0.50668252788768
   55    0.52104217991429   0.52104217991429
   56    0.52104218010753   0.52104218010753
   57    0.57302659406038   0.57302659406038
   58    0.57302659409655   0.57302659409655
   59    0.57624185615808   0.57624185615808
   60    0.57624185634434   0.57624185634434
   61    0.60956834283014   0.60956834283014
   62    0.60956834301322   0.60956834301322
   63    0.62990709248540   0.62990709248540
   64    0.62990709334818   0.62990709334818
   65    0.64860423683626   0.64860423683626
   66    0.64860423692605   0.64860423692605
   67    0.66397924693415   0.66397924693415
   68    0.66397924780014   0.66397924780014
   69    0.68528356612542   0.68528356612542
   70    0.68528356653896   0.68528356653896
   71    0.72670917668015   0.72670917668015
   72    0.72670917848568   0.72670917848568
   73    0.79832487106197   0.79832487106197
   74    0.79832487238853   0.79832487238853
   75    0.86602265692455   0.86602265692455
   76    0.86602265809069   0.86602265809069
   77    0.87504749186017   0.87504749186017
   78    0.87504749432146   0.87504749432146
   79    0.89602920594662   0.89602920594662
   80    0.89602920630386   0.89602920630386
   81    0.94169113911008   0.94169113911008
   82    0.94169113950923   0.94169113950923
   83    0.95221802180700   0.95221802180700
   84    0.95221802285141   0.95221802285141
   85    0.98322126094048   0.98322126094048
   86    0.98322126166806   0.98322126166806
   87    1.20922663219841   1.20922663219841
   88    1.20922663733067   1.20922663733067
   89    1.44463190431167   1.44463190431167
   90    1.44463191196240   1.44463191196240
   91    1.57609871445754   1.57609871445754
   92    1.57609872748370   1.57609872748370
   93    1.71488939010459   1.71488939010459
   94    1.71488939680520   1.71488939680520
   95    1.80934353113495   1.80934353113495
   96    1.80934354054064   1.80934354054064
   97    3.12245855195629   3.12245855195629
   98    3.12245855826516   3.12245855826516
   99    3.61404305147027   3.61404305147027
  100    3.61404305955520   3.61404305955520
  101    3.80350404433393   3.80350404433393
  102    3.80350406545987   3.80350406545987
  103    4.19920662341385   4.19920662341385
  104    4.19920668155150   4.19920668155150

   kloop=30
   k1=   0.50000 k2=   0.25000 k3=   0.25000

    1   -0.50548720344673  -0.50548720344673
    2   -0.50548720344150  -0.50548720344150
    3   -0.45735720048731  -0.45735720048731
    4   -0.45735720048374  -0.45735720048374
    5   -0.37270211343828  -0.37270211343828
    6   -0.37270211343696  -0.37270211343696
    7   -0.31752027767136  -0.31752027767136
    8   -0.31752027766639  -0.31752027766639
    9   -0.24990711397456  -0.24990711397456
   10   -0.24990711396592  -0.24990711396592
   11   -0.20223366908028  -0.20223366908028
   12   -0.20223366907675  -0.20223366907675
   13   -0.19043050392029  -0.19043050392029
   14   -0.19043050390889  -0.19043050390889
   15   -0.18115258357172  -0.18115258357172
   16   -0.18115258354428  -0.18115258354428
   17   -0.03758138418256  -0.03758138418256
   18   -0.03758138414945  -0.03758138414945
   19   -0.00734596632540  -0.00734596632540
   20   -0.00734596632084  -0.00734596632084
   21   -0.00374439433426  -0.00374439433426
   22   -0.00374439433130  -0.00374439433130
   23    0.01406192836634   0.01406192836634
   24    0.01406192839384   0.01406192839384
   25    0.04344673265883   0.04344673265883
   26    0.04344673268565   0.04344673268565
   27    0.09241631471673   0.09241631471673
   28    0.09241631472619   0.09241631472619
   29    0.09857778337251   0.09857778337251
   30    0.09857778337524   0.09857778337524
   31    0.14690854737583   0.14690854737583
   32    0.14690854738212   0.14690854738212
   33    0.16274665891100   0.16274665891100
   34    0.16274665895325   0.16274665895325
   35    0.24088896510948   0.24088896510948
   36    0.24088896512110   0.24088896512110
   37    0.24799744373796   0.24799744373796
   38    0.24799744381990   0.24799744381990
   39    0.29043344440767   0.29043344440767
   40    0.29043344443746   0.29043344443746
   41    0.32371995457698   0.32371995457698
   42    0.32371995464114   0.32371995464114
   43    0.33772349218934   0.33772349218934
   44    0.33772349220122   0.33772349220122
   45    0.39284940037982   0.39284940037982
   46    0.39284940042777   0.39284940042777
   47    0.45848343063706   0.45848343063706
   48    0.45848343079468   0.45848343079468
   49    0.46057177742210   0.46057177742210
   50    0.46057177768224   0.46057177768224
   51    0.47311265965780   0.47311265965780
   52    0.47311265966193   0.47311265966193
   53    0.48211640229794   0.48211640229794
   54    0.48211640248146   0.48211640248146
   55    0.50043552574427   0.50043552574427
   56    0.50043552590288   0.50043552590288
   57    0.59368531673223   0.59368531673223
   58    0.59368531676728   0.59368531676728
   59    0.61915324893986   0.61915324893986
   60    0.61915324928183   0.61915324928183
   61    0.62440316768209   0.62440316768209
   62    0.62440316786113   0.62440316786113
   63    0.64291647197855   0.64291647197855
   64    0.64291647204805   0.64291647204805
   65    0.68221841344746   0.68221841344746
   66    0.68221841356959   0.68221841356959
   67    0.68489986720309   0.68489986720309
   68    0.68489986730373   0.68489986730373
   69    0.70166878813962   0.70166878813962
   70    0.70166878963514   0.70166878963514
   71    0.75971053828115   0.75971053828115
   72    0.75971053838120   0.75971053838120
   73    0.81290517590219   0.81290517590219
   74    0.81290517624542   0.81290517624542
   75    0.84306751189280   0.84306751189280
   76    0.84306751276878   0.84306751276878
   77    0.89323861672199   0.89323861672199
   78    0.89323861950136   0.89323861950136
   79    0.94261500120108   0.94261500120108
   80    0.94261500166810   0.94261500166810
   81    0.96605425132118   0.96605425132118
   82    0.96605425211656   0.96605425211656
   83    0.99052022175157   0.99052022175157
   84    0.99052022311599   0.99052022311599
   85    0.99770288860233   0.99770288860233
   86    0.99770288901360   0.99770288901360
   87    1.22699969007111   1.22699969007111
   88    1.22699969407577   1.22699969407577
   89    1.34487974722236   1.34487974722236
   90    1.34487975688336   1.34487975688336
   91    1.36391636474218   1.36391636474218
   92    1.36391637668200   1.36391637668200
   93    1.70234507814793   1.70234507814793
   94    1.70234508136043   1.70234508136043
   95    1.70786236819529   1.70786236819529
   96    1.70786237532794   1.70786237532794
   97    2.62349111043991   2.62349111043991
   98    2.62349113334571   2.62349113334571
   99    3.31725698046861   3.31725698046861
  100    3.31725701282723   3.31725701282723
  101    3.92806577525531   3.92806577525531
  102    3.92806579898789   3.92806579898789
  103    4.25265891611433   4.25265891611433
  104    4.25265895347267   4.25265895347267

   kloop=31
   k1=   0.50000 k2=   0.25000 k3=   0.50000

    1   -0.48289162231562  -0.48289162231562
    2   -0.48289162230888  -0.48289162230888
    3   -0.48289162230374  -0.48289162230374
    4   -0.48289162229177  -0.48289162229177
    5   -0.35766026671989  -0.35766026671989
    6   -0.35766026671688  -0.35766026671688
    7   -0.35766026671396  -0.35766026671396
    8   -0.35766026671130  -0.35766026671130
    9   -0.21343761020473  -0.21343761020473
   10   -0.21343761019888  -0.21343761019888
   11   -0.21343761019335  -0.21343761019335
   12   -0.21343761018660  -0.21343761018660
   13   -0.16937022814541  -0.16937022814541
   14   -0.16937022813370  -0.16937022813370
   15   -0.16937022812275  -0.16937022812275
   16   -0.16937022810951  -0.16937022810951
   17   -0.03354751560519  -0.03354751560519
   18   -0.03354751560068  -0.03354751560068
   19   -0.03354751559148  -0.03354751559148
   20   -0.03354751558863  -0.03354751558863
   21    0.01451447421524   0.01451447421524
   22    0.01451447421712   0.01451447421712
   23    0.01451447422127   0.01451447422127
   24    0.01451447422574   0.01451447422574
   25    0.02182652392455   0.02182652392455
   26    0.02182652392823   0.02182652392823
   27    0.02182652393742   0.02182652393742
   28    0.02182652394486   0.02182652394486
   29    0.19028019019141   0.19028019019141
   30    0.19028019021672   0.19028019021672
   31    0.19028019025195   0.19028019025195
   32    0.19028019026771   0.19028019026771
   33    0.19114694922201   0.19114694922201
   34    0.19114694922636   0.19114694922636
   35    0.19114694924271   0.19114694924271
   36    0.19114694924766   0.19114694924766
   37    0.24982160856276   0.24982160856276
   38    0.24982160859468   0.24982160859468
   39    0.24982160862086   0.24982160862086
   40    0.24982160863343   0.24982160863343
   41    0.35644986198951   0.35644986198951
   42    0.35644986201712   0.35644986201712
   43    0.35644986205818   0.35644986205818
   44    0.35644986207989   0.35644986207989
   45    0.39511477019130   0.39511477019130
   46    0.39511477020836   0.39511477020836
   47    0.39511477024636   0.39511477024636
   48    0.39511477029905   0.39511477029905
   49    0.43872309574871   0.43872309574871
   50    0.43872309575712   0.43872309575712
   51    0.43872309577004   0.43872309577004
   52    0.43872309580105   0.43872309580105
   53    0.48460495250064   0.48460495250064
   54    0.48460495256965   0.48460495256965
   55    0.48460495263548   0.48460495263548
   56    0.48460495275207   0.48460495275207
   57    0.61059908196952   0.61059908196952
   58    0.61059908220517   0.61059908220517
   59    0.61059908249982   0.61059908249982
   60    0.61059908314857   0.61059908314857
   61    0.67349929900239   0.67349929900239
   62    0.67349929906914   0.67349929906914
   63    0.67349929908152   0.67349929908152
   64    0.67349929915320   0.67349929915320
   65    0.69258616141431   0.69258616141431
   66    0.69258616147064   0.69258616147064
   67    0.69258616156872   0.69258616156872
   68    0.69258616169439   0.69258616169439
   69    0.74330676720392   0.74330676720392
   70    0.74330676759244   0.74330676759244
   71    0.74330676836411   0.74330676836411
   72    0.74330676937166   0.74330676937166
   73    0.85347470545492   0.85347470545492
   74    0.85347470657600   0.85347470657600
   75    0.85347470719196   0.85347470719196
   76    0.85347470755716   0.85347470755716
   77    0.97286711013438   0.97286711013438
   78    0.97286711099106   0.97286711099106
   79    0.97286711171476   0.97286711171476
   80    0.97286711267466   0.97286711267466
   81    1.03702292346596   1.03702292346596
   82    1.03702292558241   1.03702292558241
   83    1.03702292640456   1.03702292640456
   84    1.03702292829107   1.03702292829107
   85    1.07381413078102   1.07381413078102
   86    1.07381413148442   1.07381413148442
   87    1.07381413201241   1.07381413201241
   88    1.07381413288219   1.07381413288219
   89    1.39063875815757   1.39063875815757
   90    1.39063876327579   1.39063876327579
   91    1.39063876618328   1.39063876618328
   92    1.39063876845809   1.39063876845809
   93    1.39788079813522   1.39788079813522
   94    1.39788081103968   1.39788081103968
   95    1.39788082317149   1.39788082317149
   96    1.39788082696632   1.39788082696632
   97    2.56301038143945   2.56301038143945
   98    2.56301038600692   2.56301038600692
   99    2.56301041165262   2.56301041165262
  100    2.56301042752034   2.56301042752034
  101    4.21132890161420   4.21132890161420
  102    4.21132893331550   4.21132893331550
  103    4.21132895914497   4.21132895914497
  104    4.21132901678146   4.21132901678146

   kloop=32
   k1=   0.50000 k2=   0.25000 k3=   0.75000

    1   -0.50548720344698  -0.50548720344698
    2   -0.50548720343609  -0.50548720343609
    3   -0.45735720048546  -0.45735720048546
    4   -0.45735720047768  -0.45735720047768
    5   -0.37270211344028  -0.37270211344028
    6   -0.37270211343538  -0.37270211343538
    7   -0.31752027766889  -0.31752027766889
    8   -0.31752027766613  -0.31752027766613
    9   -0.24990711397250  -0.24990711397250
   10   -0.24990711396692  -0.24990711396692
   11   -0.20223366908058  -0.20223366908058
   12   -0.20223366907500  -0.20223366907500
   13   -0.19043050391629  -0.19043050391629
   14   -0.19043050391300  -0.19043050391300
   15   -0.18115258357705  -0.18115258357705
   16   -0.18115258354405  -0.18115258354405
   17   -0.03758138417616  -0.03758138417616
   18   -0.03758138413273  -0.03758138413273
   19   -0.00734596632102  -0.00734596632102
   20   -0.00734596631781  -0.00734596631781
   21   -0.00374439433577  -0.00374439433577
   22   -0.00374439433086  -0.00374439433086
   23    0.01406192837535   0.01406192837535
   24    0.01406192838837   0.01406192838837
   25    0.04344673265506   0.04344673265506
   26    0.04344673268613   0.04344673268613
   27    0.09241631471777   0.09241631471777
   28    0.09241631473446   0.09241631473446
   29    0.09857778337093   0.09857778337093
   30    0.09857778337814   0.09857778337814
   31    0.14690854737178   0.14690854737178
   32    0.14690854738095   0.14690854738095
   33    0.16274665891043   0.16274665891043
   34    0.16274665895544   0.16274665895544
   35    0.24088896510282   0.24088896510282
   36    0.24088896512724   0.24088896512724
   37    0.24799744371260   0.24799744371260
   38    0.24799744377836   0.24799744377836
   39    0.29043344438156   0.29043344438156
   40    0.29043344442716   0.29043344442716
   41    0.32371995460196   0.32371995460196
   42    0.32371995464349   0.32371995464349
   43    0.33772349218741   0.33772349218741
   44    0.33772349220633   0.33772349220633
   45    0.39284940036327   0.39284940036327
   46    0.39284940045112   0.39284940045112
   47    0.45848343074548   0.45848343074548
   48    0.45848343080171   0.45848343080171
   49    0.46057177765347   0.46057177765347
   50    0.46057177771486   0.46057177771486
   51    0.47311265964847   0.47311265964847
   52    0.47311265966578   0.47311265966578
   53    0.48211640244239   0.48211640244239
   54    0.48211640251906   0.48211640251906
   55    0.50043552578572   0.50043552578572
   56    0.50043552595908   0.50043552595908
   57    0.59368531671708   0.59368531671708
   58    0.59368531677671   0.59368531677671
   59    0.61915324902116   0.61915324902116
   60    0.61915324929901   0.61915324929901
   61    0.62440316749905   0.62440316749905
   62    0.62440316833081   0.62440316833081
   63    0.64291647201317   0.64291647201317
   64    0.64291647205999   0.64291647205999
   65    0.68221841347188   0.68221841347188
   66    0.68221841352897   0.68221841352897
   67    0.68489986698798   0.68489986698798
   68    0.68489986744984   0.68489986744984
   69    0.70166878824245   0.70166878824245
   70    0.70166878992998   0.70166878992998
   71    0.75971053824941   0.75971053824941
   72    0.75971053833334   0.75971053833334
   73    0.81290517592651   0.81290517592651
   74    0.81290517639280   0.81290517639280
   75    0.84306751219066   0.84306751219066
   76    0.84306751286673   0.84306751286673
   77    0.89323861882242   0.89323861882242
   78    0.89323861964036   0.89323861964036
   79    0.94261500112261   0.94261500112261
   80    0.94261500157231   0.94261500157231
   81    0.96605425142048   0.96605425142048
   82    0.96605425233150   0.96605425233150
   83    0.99052022174080   0.99052022174080
   84    0.99052022359664   0.99052022359664
   85    0.99770288859340   0.99770288859340
   86    0.99770288909240   0.99770288909240
   87    1.22699968638619   1.22699968638619
   88    1.22699969444100   1.22699969444100
   89    1.34487974992048   1.34487974992048
   90    1.34487975819915   1.34487975819915
   91    1.36391635683365   1.36391635683365
   92    1.36391637089400   1.36391637089400
   93    1.70234507424361   1.70234507424361
   94    1.70234508676351   1.70234508676351
   95    1.70786235936744   1.70786235936744
   96    1.70786237616967   1.70786237616967
   97    2.62349112107596   2.62349112107596
   98    2.62349112924522   2.62349112924522
   99    3.31725699728407   3.31725699728407
  100    3.31725700589804   3.31725700589804
  101    3.92806576952158   3.92806576952158
  102    3.92806579734868   3.92806579734868
  103    4.25265883041080   4.25265883041080
  104    4.25265893327862   4.25265893327862

   kloop=33
   k1=   0.50000 k2=   0.50000 k3=   0.00000

    1   -0.48764381737332  -0.48764381737332
    2   -0.48764381737008  -0.48764381737008
    3   -0.48764381735973  -0.48764381735973
    4   -0.48764381735262  -0.48764381735262
    5   -0.32475859308654  -0.32475859308654
    6   -0.32475859308139  -0.32475859308139
    7   -0.32475859307932  -0.32475859307932
    8   -0.32475859307580  -0.32475859307580
    9   -0.26101059447913  -0.26101059447913
   10   -0.26101059446871  -0.26101059446871
   11   -0.26101059446665  -0.26101059446665
   12   -0.26101059445898  -0.26101059445898
   13   -0.17177595534418  -0.17177595534418
   14   -0.17177595533877  -0.17177595533877
   15   -0.17177595532389  -0.17177595532389
   16   -0.17177595532042  -0.17177595532042
   17   -0.02988568912485  -0.02988568912485
   18   -0.02988568911110  -0.02988568911110
   19   -0.02988568909776  -0.02988568909776
   20   -0.02988568909118  -0.02988568909118
   21    0.05661193032041   0.05661193032041
   22    0.05661193032969   0.05661193032969
   23    0.05661193034715   0.05661193034715
   24    0.05661193035388   0.05661193035388
   25    0.06985831297382   0.06985831297382
   26    0.06985831298362   0.06985831298362
   27    0.06985831299584   0.06985831299584
   28    0.06985831300090   0.06985831300090
   29    0.11825773542340   0.11825773542340
   30    0.11825773543995   0.11825773543995
   31    0.11825773545062   0.11825773545062
   32    0.11825773547997   0.11825773547997
   33    0.12767089028912   0.12767089028912
   34    0.12767089029156   0.12767089029156
   35    0.12767089029610   0.12767089029610
   36    0.12767089029811   0.12767089029811
   37    0.24541950438834   0.24541950438834
   38    0.24541950445063   0.24541950445063
   39    0.24541950447681   0.24541950447681
   40    0.24541950451749   0.24541950451749
   41    0.38078501443093   0.38078501443093
   42    0.38078501445839   0.38078501445839
   43    0.38078501454393   0.38078501454393
   44    0.38078501454607   0.38078501454607
   45    0.43980340339836   0.43980340339836
   46    0.43980340361567   0.43980340361567
   47    0.43980340367585   0.43980340367585
   48    0.43980340375021   0.43980340375021
   49    0.49464214212242   0.49464214212242
   50    0.49464214220825   0.49464214220825
   51    0.49464214232777   0.49464214232777
   52    0.49464214255155   0.49464214255155
   53    0.52725201993149   0.52725201993149
   54    0.52725201995835   0.52725201995835
   55    0.52725202001116   0.52725202001116
   56    0.52725202006763   0.52725202006763
   57    0.54286512785478   0.54286512785478
   58    0.54286512790255   0.54286512790255
   59    0.54286512797331   0.54286512797331
   60    0.54286512802883   0.54286512802883
   61    0.60904499323859   0.60904499323859
   62    0.60904499325573   0.60904499325573
   63    0.60904499339769   0.60904499339769
   64    0.60904499341387   0.60904499341387
   65    0.65421936472591   0.65421936472591
   66    0.65421936512753   0.65421936512753
   67    0.65421936527592   0.65421936527592
   68    0.65421936575149   0.65421936575149
   69    0.72824244016063   0.72824244016063
   70    0.72824244061063   0.72824244061063
   71    0.72824244111264   0.72824244111264
   72    0.72824244197769   0.72824244197769
   73    0.88238405160282   0.88238405160282
   74    0.88238405299884   0.88238405299884
   75    0.88238405370982   0.88238405370982
   76    0.88238405497563   0.88238405497563
   77    0.91449966724377   0.91449966724377
   78    0.91449966861421   0.91449966861421
   79    0.91449966971218   0.91449966971218
   80    0.91449967217619   0.91449967217619
   81    0.98973697445242   0.98973697445242
   82    0.98973697599755   0.98973697599755
   83    0.98973697640427   0.98973697640427
   84    0.98973697704971   0.98973697704971
   85    1.03318733502863   1.03318733502863
   86    1.03318733520155   1.03318733520155
   87    1.03318733568146   1.03318733568146
   88    1.03318733608499   1.03318733608499
   89    1.47266819108628   1.47266819108628
   90    1.47266819823072   1.47266819823072
   91    1.47266821426500   1.47266821426500
   92    1.47266822712297   1.47266822712297
   93    1.55049661842235   1.55049661842235
   94    1.55049662098186   1.55049662098186
   95    1.55049662395529   1.55049662395529
   96    1.55049663968583   1.55049663968583
   97    3.36842627841579   3.36842627841579
   98    3.36842630176631   3.36842630176631
   99    3.36842631235374   3.36842631235374
  100    3.36842636460412   3.36842636460412
  101    4.07267172262431   4.07267172262431
  102    4.07267177660589   4.07267177660589
  103    4.07267179481682   4.07267179481682
  104    4.07267190852687   4.07267190852687

   kloop=34
   k1=   0.50000 k2=   0.50000 k3=   0.25000

    1   -0.48289162230756  -0.48289162230756
    2   -0.48289162230182  -0.48289162230182
    3   -0.48289162229524  -0.48289162229524
    4   -0.48289162228841  -0.48289162228841
    5   -0.35766026673258  -0.35766026673258
    6   -0.35766026672993  -0.35766026672993
    7   -0.35766026672718  -0.35766026672718
    8   -0.35766026672632  -0.35766026672632
    9   -0.21343761017611  -0.21343761017611
   10   -0.21343761017236  -0.21343761017236
   11   -0.21343761016682  -0.21343761016682
   12   -0.21343761016160  -0.21343761016160
   13   -0.16937022831416  -0.16937022831416
   14   -0.16937022830763  -0.16937022830763
   15   -0.16937022828967  -0.16937022828967
   16   -0.16937022828514  -0.16937022828514
   17   -0.03354751494510  -0.03354751494510
   18   -0.03354751494046  -0.03354751494046
   19   -0.03354751493351  -0.03354751493351
   20   -0.03354751492472  -0.03354751492472
   21    0.01451447602316   0.01451447602316
   22    0.01451447602866   0.01451447602866
   23    0.01451447603461   0.01451447603461
   24    0.01451447603902   0.01451447603902
   25    0.02182652162757   0.02182652162757
   26    0.02182652163830   0.02182652163830
   27    0.02182652164786   0.02182652164786
   28    0.02182652165474   0.02182652165474
   29    0.19028019147164   0.19028019147164
   30    0.19028019148841   0.19028019148841
   31    0.19028019151123   0.19028019151123
   32    0.19028019152094   0.19028019152094
   33    0.19114694772949   0.19114694772949
   34    0.19114694773248   0.19114694773248
   35    0.19114694774496   0.19114694774496
   36    0.19114694775001   0.19114694775001
   37    0.24982160911557   0.24982160911557
   38    0.24982160912837   0.24982160912837
   39    0.24982160916615   0.24982160916615
   40    0.24982160919618   0.24982160919618
   41    0.35644986427773   0.35644986427773
   42    0.35644986429546   0.35644986429546
   43    0.35644986432593   0.35644986432593
   44    0.35644986436041   0.35644986436041
   45    0.39511476289417   0.39511476289417
   46    0.39511476293947   0.39511476293947
   47    0.39511476298543   0.39511476298543
   48    0.39511476302655   0.39511476302655
   49    0.43872309444884   0.43872309444884
   50    0.43872309447973   0.43872309447973
   51    0.43872309449229   0.43872309449229
   52    0.43872309450599   0.43872309450599
   53    0.48460494204624   0.48460494204624
   54    0.48460494214626   0.48460494214626
   55    0.48460494227526   0.48460494227526
   56    0.48460494239205   0.48460494239205
   57    0.61059907791856   0.61059907791856
   58    0.61059907823147   0.61059907823147
   59    0.61059907859666   0.61059907859666
   60    0.61059907906795   0.61059907906795
   61    0.67349929110431   0.67349929110431
   62    0.67349929114571   0.67349929114571
   63    0.67349929118710   0.67349929118710
   64    0.67349929125976   0.67349929125976
   65    0.69258617098578   0.69258617098578
   66    0.69258617111870   0.69258617111870
   67    0.69258617119699   0.69258617119699
   68    0.69258617131832   0.69258617131832
   69    0.74330676185749   0.74330676185749
   70    0.74330676254127   0.74330676254127
   71    0.74330676316985   0.74330676316985
   72    0.74330676428184   0.74330676428184
   73    0.85347472457613   0.85347472457613
   74    0.85347472493366   0.85347472493366
   75    0.85347472604679   0.85347472604679
   76    0.85347472654808   0.85347472654808
   77    0.97286711303992   0.97286711303992
   78    0.97286711373575   0.97286711373575
   79    0.97286711472251   0.97286711472251
   80    0.97286711549909   0.97286711549909
   81    1.03702290097169   1.03702290097169
   82    1.03702290334873   1.03702290334873
   83    1.03702290518056   1.03702290518056
   84    1.03702290625987   1.03702290625987
   85    1.07381416566463   1.07381416566463
   86    1.07381416613258   1.07381416613258
   87    1.07381416661062   1.07381416661062
   88    1.07381416732930   1.07381416732930
   89    1.39063884067306   1.39063884067306
   90    1.39063884392894   1.39063884392894
   91    1.39063884607418   1.39063884607418
   92    1.39063885104333   1.39063885104333
   93    1.39788079231341   1.39788079231341
   94    1.39788079948245   1.39788079948245
   95    1.39788080448937   1.39788080448937
   96    1.39788081209469   1.39788081209469
   97    2.56301035736649   2.56301035736649
   98    2.56301038157232   2.56301038157232
   99    2.56301039291109   2.56301039291109
  100    2.56301042263327   2.56301042263327
  101    4.21132878084481   4.21132878084481
  102    4.21132891161504   4.21132891161504
  103    4.21132894803819   4.21132894803819
  104    4.21132901417897   4.21132901417897

   kloop=35
   k1=   0.50000 k2=   0.50000 k3=   0.50000

    1   -0.47710835028384  -0.47710835028384
    2   -0.47710835028113  -0.47710835028113
    3   -0.47710835027840  -0.47710835027840
    4   -0.47710835027281  -0.47710835027281
    5   -0.37937379312708  -0.37937379312708
    6   -0.37937379312423  -0.37937379312423
    7   -0.37937379312311  -0.37937379312311
    8   -0.37937379312020  -0.37937379312020
    9   -0.16676039376143  -0.16676039376143
   10   -0.16676039375907  -0.16676039375907
   11   -0.16676039375619  -0.16676039375619
   12   -0.16676039375465  -0.16676039375465
   13   -0.16676039356483  -0.16676039356483
   14   -0.16676039356062  -0.16676039356062
   15   -0.16676039355935  -0.16676039355935
   16   -0.16676039355595  -0.16676039355595
   17   -0.06376201228323  -0.06376201228323
   18   -0.06376201227669  -0.06376201227669
   19   -0.06376201227614  -0.06376201227614
   20   -0.06376201226893  -0.06376201226893
   21    0.00138619583236   0.00138619583236
   22    0.00138619583572   0.00138619583572
   23    0.00138619583898   0.00138619583898
   24    0.00138619584002   0.00138619584002
   25    0.00138619907604   0.00138619907604
   26    0.00138619907962   0.00138619907962
   27    0.00138619908051   0.00138619908051
   28    0.00138619908371   0.00138619908371
   29    0.25366153178967   0.25366153178967
   30    0.25366153185197   0.25366153185197
   31    0.25366153191780   0.25366153191780
   32    0.25366153198364   0.25366153198364
   33    0.27717929156864   0.27717929156864
   34    0.27717929157852   0.27717929157852
   35    0.27717929158528   0.27717929158528
   36    0.27717929159489   0.27717929159489
   37    0.27717929279464   0.27717929279464
   38    0.27717929280055   0.27717929280055
   39    0.27717929280320   0.27717929280320
   40    0.27717929281171   0.27717929281171
   41    0.30450869799465   0.30450869799465
   42    0.30450869801421   0.30450869801421
   43    0.30450869802891   0.30450869802891
   44    0.30450869803343   0.30450869803343
   45    0.33922431036376   0.33922431036376
   46    0.33922431037160   0.33922431037160
   47    0.33922431038163   0.33922431038163
   48    0.33922431038695   0.33922431038695
   49    0.33922431536874   0.33922431536874
   50    0.33922431537322   0.33922431537322
   51    0.33922431537601   0.33922431537601
   52    0.33922431538661   0.33922431538661
   53    0.53161621905122   0.53161621905122
   54    0.53161621911348   0.53161621911348
   55    0.53161621916705   0.53161621916705
   56    0.53161621923121   0.53161621923121
   57    0.63822943253677   0.63822943253677
   58    0.63822943296158   0.63822943296158
   59    0.63822943307778   0.63822943307778
   60    0.63822943368377   0.63822943368377
   61    0.71678144779533   0.71678144779533
   62    0.71678144785245   0.71678144785245
   63    0.71678144786074   0.71678144786074
   64    0.71678144790544   0.71678144790544
   65    0.71678145794545   0.71678145794545
   66    0.71678145796446   0.71678145796446
   67    0.71678145799999   0.71678145799999
   68    0.71678145802437   0.71678145802437
   69    0.81959956005645   0.81959956005645
   70    0.81959956046377   0.81959956046377
   71    0.81959956102285   0.81959956102285
   72    0.81959956147814   0.81959956147814
   73    0.81959959421859   0.81959959421859
   74    0.81959959451885   0.81959959451885
   75    0.81959959516664   0.81959959516664
   76    0.81959959565163   0.81959959565163
   77    1.15698210001113   1.15698210001113
   78    1.15698210042616   1.15698210042616
   79    1.15698210066353   1.15698210066353
   80    1.15698210091221   1.15698210091221
   81    1.15698215037541   1.15698215037541
   82    1.15698215084792   1.15698215084792
   83    1.15698215119679   1.15698215119679
   84    1.15698215171903   1.15698215171903
   85    1.17161567668411   1.17161567668411
   86    1.17161567703350   1.17161567703350
   87    1.17161567756467   1.17161567756467
   88    1.17161567768606   1.17161567768606
   89    1.22181296178763   1.22181296178763
   90    1.22181296303021   1.22181296303021
   91    1.22181296406345   1.22181296406345
   92    1.22181296512377   1.22181296512377
   93    1.22181306483228   1.22181306483228
   94    1.22181306654384   1.22181306654384
   95    1.22181306756638   1.22181306756638
   96    1.22181307017433   1.22181307017433
   97    1.41226854406397   1.41226854406397
   98    1.41226855746584   1.41226855746584
   99    1.41226856233127   1.41226856233127
  100    1.41226858224284   1.41226858224284
  101    4.41376706845656   4.41376706845656
  102    4.41376712332408   4.41376712332408
  103    4.41376713095758   4.41376713095758
  104    4.41376725539747   4.41376725539747

***********************************************************
***********************************************************
                   Mulliken populations                    
***********************************************************
***********************************************************

  Total spin moment (muB)   0.000000000

                    Up spin      Down spin     Sum           Diff
      1   Si      1.999999999  1.999999999   3.999999998   0.000000000
      2   Si      2.000000002  2.000000002   4.000000005   0.000000000
      3   Si      1.999999999  1.999999999   3.999999997   0.000000000
      4   Si      2.000000001  2.000000001   4.000000002   0.000000000
      5   Si      2.000000000  2.000000000   4.000000000   0.000000000
      6   Si      2.000000000  2.000000000   4.000000000   0.000000000
      7   Si      2.000000000  2.000000000   4.000000000   0.000000000
      8   Si      1.999999999  1.999999999   3.999999998   0.000000000

 Sum of MulP: up   =    16.00000 down          =    16.00000
              total=    32.00000 ideal(neutral)=    32.00000


  Decomposed Mulliken populations

    1   Si          Up spin      Down spin     Sum           Diff
            multiple
  s           0    0.603147634  0.603147634   1.206295268   0.000000000
   sum over m      0.603147634  0.603147634   1.206295268   0.000000000
  s           1   -0.003694359 -0.003694359  -0.007388717   0.000000000
   sum over m     -0.003694359 -0.003694359  -0.007388717   0.000000000
   sum over m+mul  0.599453275  0.599453275   1.198906551   0.000000000
  px          0    0.416396594  0.416396594   0.832793188   0.000000000
  py          0    0.416396594  0.416396594   0.832793187   0.000000000
  pz          0    0.416396577  0.416396577   0.832793154   0.000000000
   sum over m      1.249189764  1.249189764   2.498379528   0.000000000
  px          1    0.009037026  0.009037026   0.018074052   0.000000000
  py          1    0.009037026  0.009037026   0.018074052   0.000000000
  pz          1    0.009037026  0.009037026   0.018074052   0.000000000
   sum over m      0.027111077  0.027111077   0.054222155   0.000000000
   sum over m+mul  1.276300842  1.276300842   2.552601683   0.000000000
  d3z^2-r^2   0    0.015645099  0.015645099   0.031290198   0.000000000
  dx^2-y^2    0    0.015645098  0.015645098   0.031290196   0.000000000
  dxy         0    0.030985228  0.030985228   0.061970457   0.000000000
  dxz         0    0.030985228  0.030985228   0.061970457   0.000000000
  dyz         0    0.030985228  0.030985228   0.061970457   0.000000000
   sum over m      0.124245882  0.124245882   0.248491764   0.000000000
   sum over m+mul  0.124245882  0.124245882   0.248491764   0.000000000

    2   Si          Up spin      Down spin     Sum           Diff
            multiple
  s           0    0.603147635  0.603147635   1.206295271   0.000000000
   sum over m      0.603147635  0.603147635   1.206295271   0.000000000
  s           1   -0.003694358 -0.003694358  -0.007388717   0.000000000
   sum over m     -0.003694358 -0.003694358  -0.007388717   0.000000000
   sum over m+mul  0.599453277  0.599453277   1.198906554   0.000000000
  px          0    0.416396594  0.416396594   0.832793188   0.000000000
  py          0    0.416396594  0.416396594   0.832793188   0.000000000
  pz          0    0.416396577  0.416396577   0.832793155   0.000000000
   sum over m      1.249189766  1.249189766   2.498379532   0.000000000
  px          1    0.009037026  0.009037026   0.018074052   0.000000000
  py          1    0.009037026  0.009037026   0.018074052   0.000000000
  pz          1    0.009037026  0.009037026   0.018074052   0.000000000
   sum over m      0.027111078  0.027111078   0.054222155   0.000000000
   sum over m+mul  1.276300843  1.276300843   2.552601687   0.000000000
  d3z^2-r^2   0    0.015645099  0.015645099   0.031290198   0.000000000
  dx^2-y^2    0    0.015645098  0.015645098   0.031290196   0.000000000
  dxy         0    0.030985228  0.030985228   0.061970457   0.000000000
  dxz         0    0.030985228  0.030985228   0.061970457   0.000000000
  dyz         0    0.030985228  0.030985228   0.061970457   0.000000000
   sum over m      0.124245882  0.124245882   0.248491764   0.000000000
   sum over m+mul  0.124245882  0.124245882   0.248491764   0.000000000

    3   Si          Up spin      Down spin     Sum           Diff
            multiple
  s           0    0.603147634  0.603147634   1.206295268   0.000000000
   sum over m      0.603147634  0.603147634   1.206295268   0.000000000
  s           1   -0.003694359 -0.003694359  -0.007388717   0.000000000
   sum over m     -0.003694359 -0.003694359  -0.007388717   0.000000000
   sum over m+mul  0.599453275  0.599453275   1.198906551   0.000000000
  px          0    0.416396594  0.416396594   0.832793188   0.000000000
  py          0    0.416396594  0.416396594   0.832793187   0.000000000
  pz          0    0.416396577  0.416396577   0.832793153   0.000000000
   sum over m      1.249189764  1.249189764   2.498379528   0.000000000
  px          1    0.009037026  0.009037026   0.018074052   0.000000000
  py          1    0.009037026  0.009037026   0.018074052   0.000000000
  pz          1    0.009037026  0.009037026   0.018074052   0.000000000
   sum over m      0.027111077  0.027111077   0.054222155   0.000000000
   sum over m+mul  1.276300842  1.276300842   2.552601683   0.000000000
  d3z^2-r^2   0    0.015645099  0.015645099   0.031290198   0.000000000
  dx^2-y^2    0    0.015645098  0.015645098   0.031290196   0.000000000
  dxy         0    0.030985228  0.030985228   0.061970457   0.000000000
  dxz         0    0.030985228  0.030985228   0.061970457   0.000000000
  dyz         0    0.030985228  0.030985228   0.061970457   0.000000000
   sum over m      0.124245882  0.124245882   0.248491764   0.000000000
   sum over m+mul  0.124245882  0.124245882   0.248491764   0.000000000

    4   Si          Up spin      Down spin     Sum           Diff
            multiple
  s           0    0.603147635  0.603147635   1.206295269   0.000000000
   sum over m      0.603147635  0.603147635   1.206295269   0.000000000
  s           1   -0.003694358 -0.003694358  -0.007388717   0.000000000
   sum over m     -0.003694358 -0.003694358  -0.007388717   0.000000000
   sum over m+mul  0.599453276  0.599453276   1.198906552   0.000000000
  px          0    0.416396594  0.416396594   0.832793188   0.000000000
  py          0    0.416396594  0.416396594   0.832793188   0.000000000
  pz          0    0.416396577  0.416396577   0.832793155   0.000000000
   sum over m      1.249189765  1.249189765   2.498379531   0.000000000
  px          1    0.009037026  0.009037026   0.018074052   0.000000000
  py          1    0.009037026  0.009037026   0.018074052   0.000000000
  pz          1    0.009037026  0.009037026   0.018074052   0.000000000
   sum over m      0.027111078  0.027111078   0.054222155   0.000000000
   sum over m+mul  1.276300843  1.276300843   2.552601686   0.000000000
  d3z^2-r^2   0    0.015645099  0.015645099   0.031290198   0.000000000
  dx^2-y^2    0    0.015645098  0.015645098   0.031290196   0.000000000
  dxy         0    0.030985228  0.030985228   0.061970457   0.000000000
  dxz         0    0.030985228  0.030985228   0.061970457   0.000000000
  dyz         0    0.030985228  0.030985228   0.061970457   0.000000000
   sum over m      0.124245882  0.124245882   0.248491764   0.000000000
   sum over m+mul  0.124245882  0.124245882   0.248491764   0.000000000

    5   Si          Up spin      Down spin     Sum           Diff
            multiple
  s           0    0.603147635  0.603147635   1.206295269   0.000000000
   sum over m      0.603147635  0.603147635   1.206295269   0.000000000
  s           1   -0.003694359 -0.003694359  -0.007388717   0.000000000
   sum over m     -0.003694359 -0.003694359  -0.007388717   0.000000000
   sum over m+mul  0.599453276  0.599453276   1.198906552   0.000000000
  px          0    0.416396594  0.416396594   0.832793188   0.000000000
  py          0    0.416396594  0.416396594   0.832793188   0.000000000
  pz          0    0.416396577  0.416396577   0.832793154   0.000000000
   sum over m      1.249189765  1.249189765   2.498379529   0.000000000
  px          1    0.009037026  0.009037026   0.018074052   0.000000000
  py          1    0.009037026  0.009037026   0.018074052   0.000000000
  pz          1    0.009037026  0.009037026   0.018074052   0.000000000
   sum over m      0.027111077  0.027111077   0.054222155   0.000000000
   sum over m+mul  1.276300842  1.276300842   2.552601684   0.000000000
  d3z^2-r^2   0    0.015645099  0.015645099   0.031290198   0.000000000
  dx^2-y^2    0    0.015645098  0.015645098   0.031290196   0.000000000
  dxy         0    0.030985228  0.030985228   0.061970457   0.000000000
  dxz         0    0.030985228  0.030985228   0.061970457   0.000000000
  dyz         0    0.030985228  0.030985228   0.061970457   0.000000000
   sum over m      0.124245882  0.124245882   0.248491764   0.000000000
   sum over m+mul  0.124245882  0.124245882   0.248491764   0.000000000

    6   Si          Up spin      Down spin     Sum           Diff
            multiple
  s           0    0.603147635  0.603147635   1.206295269   0.000000000
   sum over m      0.603147635  0.603147635   1.206295269   0.000000000
  s           1   -0.003694359 -0.003694359  -0.007388717   0.000000000
   sum over m     -0.003694359 -0.003694359  -0.007388717   0.000000000
   sum over m+mul  0.599453276  0.599453276   1.198906552   0.000000000
  px          0    0.416396594  0.416396594   0.832793188   0.000000000
  py          0    0.416396594  0.416396594   0.832793188   0.000000000
  pz          0    0.416396577  0.416396577   0.832793154   0.000000000
   sum over m      1.249189765  1.249189765   2.498379529   0.000000000
  px          1    0.009037026  0.009037026   0.018074052   0.000000000
  py          1    0.009037026  0.009037026   0.018074052   0.000000000
  pz          1    0.009037026  0.009037026   0.018074052   0.000000000
   sum over m      0.027111077  0.027111077   0.054222155   0.000000000
   sum over m+mul  1.276300842  1.276300842   2.552601684   0.000000000
  d3z^2-r^2   0    0.015645099  0.015645099   0.031290198   0.000000000
  dx^2-y^2    0    0.015645098  0.015645098   0.031290196   0.000000000
  dxy         0    0.030985228  0.030985228   0.061970457   0.000000000
  dxz         0    0.030985228  0.030985228   0.061970457   0.000000000
  dyz         0    0.030985228  0.030985228   0.061970457   0.000000000
   sum over m      0.124245882  0.124245882   0.248491764   0.000000000
   sum over m+mul  0.124245882  0.124245882   0.248491764   0.000000000

    7   Si          Up spin      Down spin     Sum           Diff
            multiple
  s           0    0.603147635  0.603147635   1.206295269   0.000000000
   sum over m      0.603147635  0.603147635   1.206295269   0.000000000
  s           1   -0.003694359 -0.003694359  -0.007388717   0.000000000
   sum over m     -0.003694359 -0.003694359  -0.007388717   0.000000000
   sum over m+mul  0.599453276  0.599453276   1.198906552   0.000000000
  px          0    0.416396594  0.416396594   0.832793188   0.000000000
  py          0    0.416396594  0.416396594   0.832793188   0.000000000
  pz          0    0.416396577  0.416396577   0.832793154   0.000000000
   sum over m      1.249189765  1.249189765   2.498379529   0.000000000
  px          1    0.009037026  0.009037026   0.018074052   0.000000000
  py          1    0.009037026  0.009037026   0.018074052   0.000000000
  pz          1    0.009037026  0.009037026   0.018074052   0.000000000
   sum over m      0.027111077  0.027111077   0.054222155   0.000000000
   sum over m+mul  1.276300842  1.276300842   2.552601684   0.000000000
  d3z^2-r^2   0    0.015645099  0.015645099   0.031290198   0.000000000
  dx^2-y^2    0    0.015645098  0.015645098   0.031290196   0.000000000
  dxy         0    0.030985228  0.030985228   0.061970457   0.000000000
  dxz         0    0.030985228  0.030985228   0.061970457   0.000000000
  dyz         0    0.030985228  0.030985228   0.061970457   0.000000000
   sum over m      0.124245882  0.124245882   0.248491764   0.000000000
   sum over m+mul  0.124245882  0.124245882   0.248491764   0.000000000

    8   Si          Up spin      Down spin     Sum           Diff
            multiple
  s           0    0.603147635  0.603147635   1.206295269   0.000000000
   sum over m      0.603147635  0.603147635   1.206295269   0.000000000
  s           1   -0.003694359 -0.003694359  -0.007388717   0.000000000
   sum over m     -0.003694359 -0.003694359  -0.007388717   0.000000000
   sum over m+mul  0.599453276  0.599453276   1.198906552   0.000000000
  px          0    0.416396594  0.416396594   0.832793188   0.000000000
  py          0    0.416396594  0.416396594   0.832793187   0.000000000
  pz          0    0.416396577  0.416396577   0.832793153   0.000000000
   sum over m      1.249189764  1.249189764   2.498379528   0.000000000
  px          1    0.009037026  0.009037026   0.018074052   0.000000000
  py          1    0.009037026  0.009037026   0.018074052   0.000000000
  pz          1    0.009037026  0.009037026   0.018074051   0.000000000
   sum over m      0.027111077  0.027111077   0.054222155   0.000000000
   sum over m+mul  1.276300841  1.276300841   2.552601683   0.000000000
  d3z^2-r^2   0    0.015645099  0.015645099   0.031290198   0.000000000
  dx^2-y^2    0    0.015645098  0.015645098   0.031290196   0.000000000
  dxy         0    0.030985228  0.030985228   0.061970457   0.000000000
  dxz         0    0.030985228  0.030985228   0.061970457   0.000000000
  dyz         0    0.030985228  0.030985228   0.061970457   0.000000000
   sum over m      0.124245882  0.124245882   0.248491764   0.000000000
   sum over m+mul  0.124245882  0.124245882   0.248491764   0.000000000

***********************************************************
***********************************************************
                    Dipole moment (Debye)                  
***********************************************************
***********************************************************

 Absolute D        0.00027006

                      Dx                Dy                Dz
 Total              0.00015592        0.00015592        0.00015592
 Core             313.03459347      313.03459347      313.03459347
 Electron        -313.03443755     -313.03443755     -313.03443755
 Back ground       -0.00000000       -0.00000000       -0.00000000

***********************************************************
***********************************************************
       xyz-coordinates (Ang) and forces (Hartree/Bohr)  
***********************************************************
***********************************************************

<coordinates.forces
  8
    1    Si    -0.00000  -0.00000  -0.00000  -0.000000000001 -0.000000000001 -0.000000000001
    2    Si     1.35775   1.35775   1.35775  -0.000000000002 -0.000000000001 -0.000000000001
    3    Si    -0.00000   2.71550   2.71550  -0.000000000003  0.000000000001 -0.000000000000
    4    Si     1.35775   4.07325   4.07325  -0.000000000001  0.000000000000  0.000000000001
    5    Si     2.71550  -0.00000   2.71550   0.000000000000 -0.000000000001  0.000000000001
    6    Si     4.07325   1.35775   4.07325   0.000000000003 -0.000000000001 -0.000000000000
    7    Si     2.71550   2.71550  -0.00000   0.000000000002  0.000000000002 -0.000000000001
    8    Si     4.07325   4.07325   1.35775   0.000000000003  0.000000000000  0.000000000001
coordinates.forces>

***********************************************************
***********************************************************
       Fractional coordinates of the final structure       
***********************************************************
***********************************************************

     1     Si    -0.00000000000000  -0.00000000000000  -0.00000000000000
     2     Si     0.25000000000000   0.25000000000000   0.25000000000000
     3     Si    -0.00000000000000   0.50000000000000   0.50000000000000
     4     Si     0.25000000000000   0.75000000000000   0.75000000000000
     5     Si     0.50000000000000  -0.00000000000000   0.50000000000000
     6     Si     0.75000000000000   0.25000000000000   0.75000000000000
     7     Si     0.50000000000000   0.50000000000000  -0.00000000000000
     8     Si     0.75000000000000   0.75000000000000   0.25000000000000

***********************************************************
***********************************************************
               Computational Time (second)                 
***********************************************************
***********************************************************

   Elapsed.Time.        18.056

                               Min_ID   Min_Time       Max_ID   Max_Time
   Total Computational Time =     5       18.036          0       18.056
   readfile                 =     4        2.268          5        2.274
   truncation               =     1        0.974          5        0.996
   MD_pac                   =     0        0.000          1        0.002
   OutData                  =     1        0.047          0        0.067
   HWF                      =     0        0.000          0        0.000
   DFT                      =     5       14.651          1       14.673

*** In DFT ***

   Set_OLP_Kin              =     1        0.932          5        1.025
   Set_Nonlocal             =     5        0.906          1        0.998
   Set_ProExpn_VNA          =     3        2.264          1        2.385
   Set_Hamiltonian          =     0        2.441          5        2.441
   Poisson                  =     0        0.026          5        0.026
   Diagonalization          =     7        2.606          4        2.611
   Mixing_DM                =     2        0.021          0        0.022
   Force                    =     4        1.894          2        1.894
   Total_Energy             =     7        1.020          0        1.025
   Set_Aden_Grid            =     1        0.016          3        0.137
   Set_Orbitals_Grid        =     0        0.294          1        0.350
   Set_Density_Grid         =     5        1.923          1        1.925
   RestartFileDFT           =     7        0.002          2        0.007
   Mulliken_Charge          =     4        0.003          0        0.003
   FFT(2D)_Density          =     0        0.000          0        0.000
   Others                   =     1        0.046          2        0.088
